[
    {
        "outputFile": "C:\\Users\\Ming\\AndroidStudioProjects\\CS499APP\\app\\build\\intermediates\\incremental\\mergeDebugResources\\merged.dir\\values-sr\\values-sr.xml",
        "map": [
            {
                "to": {
                    "startLine": 2,
                    "startColumn": 4,
                    "startOffset": 105,
                    "endColumn": 108,
                    "endOffset": 209
                },
                "from": {
                    "file": "C:\\Users\\Ming\\AndroidStudioProjects\\CS499APP\\app\\build\\intermediates\\exploded-aar\\com.android.support\\appcompat-v7\\24.1.1\\res\\values-sr\\values-sr.xml",
                    "position": {
                        "startLine": 2,
                        "startColumn": 4,
                        "startOffset": 55,
                        "endColumn": 108,
                        "endOffset": 159
                    }
                }
            },
            {
                "to": {
                    "startLine": 3,
                    "startColumn": 4,
                    "startOffset": 214,
                    "endColumn": 107,
                    "endOffset": 317
                },
                "from": {
                    "file": "C:\\Users\\Ming\\AndroidStudioProjects\\CS499APP\\app\\build\\intermediates\\exploded-aar\\com.android.support\\appcompat-v7\\24.1.1\\res\\values-sr\\values-sr.xml",
                    "position": {
                        "startLine": 3,
                        "startColumn": 4,
                        "startOffset": 164,
                        "endColumn": 107,
                        "endOffset": 267
                    }
                }
            },
            {
                "to": {
                    "startLine": 4,
                    "startColumn": 4,
                    "startOffset": 322,
                    "endColumn": 122,
                    "endOffset": 440
                },
                "from": {
                    "file": "C:\\Users\\Ming\\AndroidStudioProjects\\CS499APP\\app\\build\\intermediates\\exploded-aar\\com.android.support\\appcompat-v7\\24.1.1\\res\\values-sr\\values-sr.xml",
                    "position": {
                        "startLine": 4,
                        "startColumn": 4,
                        "startOffset": 272,
                        "endColumn": 122,
                        "endOffset": 390
                    }
                }
            },
            {
                "to": {
                    "startLine": 5,
                    "startColumn": 4,
                    "startOffset": 445,
                    "endColumn": 102,
                    "endOffset": 543
                },
                "from": {
                    "file": "C:\\Users\\Ming\\AndroidStudioProjects\\CS499APP\\app\\build\\intermediates\\exploded-aar\\com.android.support\\appcompat-v7\\24.1.1\\res\\values-sr\\values-sr.xml",
                    "position": {
                        "startLine": 5,
                        "startColumn": 4,
                        "startOffset": 395,
                        "endColumn": 102,
                        "endOffset": 493
                    }
                }
            },
            {
                "to": {
                    "startLine": 6,
                    "startColumn": 4,
                    "startOffset": 548,
                    "endColumn": 105,
                    "endOffset": 649
                },
                "from": {
                    "file": "C:\\Users\\Ming\\AndroidStudioProjects\\CS499APP\\app\\build\\intermediates\\exploded-aar\\com.android.support\\appcompat-v7\\24.1.1\\res\\values-sr\\values-sr.xml",
                    "position": {
                        "startLine": 6,
                        "startColumn": 4,
                        "startOffset": 498,
                        "endColumn": 105,
                        "endOffset": 599
                    }
                }
            },
            {
                "to": {
                    "startLine": 7,
                    "startColumn": 4,
                    "startOffset": 654,
                    "endColumn": 85,
                    "endOffset": 735
                },
                "from": {
                    "file": "C:\\Users\\Ming\\AndroidStudioProjects\\CS499APP\\app\\build\\intermediates\\exploded-aar\\com.android.support\\appcompat-v7\\24.1.1\\res\\values-sr\\values-sr.xml",
                    "position": {
                        "startLine": 7,
                        "startColumn": 4,
                        "startOffset": 604,
                        "endColumn": 85,
                        "endOffset": 685
                    }
                }
            },
            {
                "to": {
                    "startLine": 8,
                    "startColumn": 4,
                    "startOffset": 740,
                    "endColumn": 103,
                    "endOffset": 839
                },
                "from": {
                    "file": "C:\\Users\\Ming\\AndroidStudioProjects\\CS499APP\\app\\build\\intermediates\\exploded-aar\\com.android.support\\appcompat-v7\\24.1.1\\res\\values-sr\\values-sr.xml",
                    "position": {
                        "startLine": 8,
                        "startColumn": 4,
                        "startOffset": 690,
                        "endColumn": 103,
                        "endOffset": 789
                    }
                }
            },
            {
                "to": {
                    "startLine": 9,
                    "startColumn": 4,
                    "startOffset": 844,
                    "endColumn": 117,
                    "endOffset": 957
                },
                "from": {
                    "file": "C:\\Users\\Ming\\AndroidStudioProjects\\CS499APP\\app\\build\\intermediates\\exploded-aar\\com.android.support\\appcompat-v7\\24.1.1\\res\\values-sr\\values-sr.xml",
                    "position": {
                        "startLine": 9,
                        "startColumn": 4,
                        "startOffset": 794,
                        "endColumn": 117,
                        "endOffset": 907
                    }
                }
            },
            {
                "to": {
                    "startLine": 10,
                    "startColumn": 4,
                    "startOffset": 962,
                    "endColumn": 80,
                    "endOffset": 1038
                },
                "from": {
                    "file": "C:\\Users\\Ming\\AndroidStudioProjects\\CS499APP\\app\\build\\intermediates\\exploded-aar\\com.android.support\\appcompat-v7\\24.1.1\\res\\values-sr\\values-sr.xml",
                    "position": {
                        "startLine": 10,
                        "startColumn": 4,
                        "startOffset": 912,
                        "endColumn": 80,
                        "endOffset": 988
                    }
                }
            },
            {
                "to": {
                    "startLine": 11,
                    "startColumn": 4,
                    "startOffset": 1043,
                    "endColumn": 79,
                    "endOffset": 1118
                },
                "from": {
                    "file": "C:\\Users\\Ming\\AndroidStudioProjects\\CS499APP\\app\\build\\intermediates\\exploded-aar\\com.android.support\\appcompat-v7\\24.1.1\\res\\values-sr\\values-sr.xml",
                    "position": {
                        "startLine": 11,
                        "startColumn": 4,
                        "startOffset": 993,
                        "endColumn": 79,
                        "endOffset": 1068
                    }
                }
            },
            {
                "to": {
                    "startLine": 12,
                    "startColumn": 4,
                    "startOffset": 1123,
                    "endColumn": 87,
                    "endOffset": 1206
                },
                "from": {
                    "file": "C:\\Users\\Ming\\AndroidStudioProjects\\CS499APP\\app\\build\\intermediates\\exploded-aar\\com.android.support\\appcompat-v7\\24.1.1\\res\\values-sr\\values-sr.xml",
                    "position": {
                        "startLine": 12,
                        "startColumn": 4,
                        "startOffset": 1073,
                        "endColumn": 87,
                        "endOffset": 1156
                    }
                }
            },
            {
                "to": {
                    "startLine": 13,
                    "startColumn": 4,
                    "startOffset": 1211,
                    "endColumn": 104,
                    "endOffset": 1311
                },
                "from": {
                    "file": "C:\\Users\\Ming\\AndroidStudioProjects\\CS499APP\\app\\build\\intermediates\\exploded-aar\\com.android.support\\appcompat-v7\\24.1.1\\res\\values-sr\\values-sr.xml",
                    "position": {
                        "startLine": 13,
                        "startColumn": 4,
                        "startOffset": 1161,
                        "endColumn": 104,
                        "endOffset": 1261
                    }
                }
            },
            {
                "to": {
                    "startLine": 14,
                    "startColumn": 4,
                    "startOffset": 1316,
                    "endColumn": 107,
                    "endOffset": 1419
                },
                "from": {
                    "file": "C:\\Users\\Ming\\AndroidStudioProjects\\CS499APP\\app\\build\\intermediates\\exploded-aar\\com.android.support\\appcompat-v7\\24.1.1\\res\\values-sr\\values-sr.xml",
                    "position": {
                        "startLine": 14,
                        "startColumn": 4,
                        "startOffset": 1266,
                        "endColumn": 107,
                        "endOffset": 1369
                    }
                }
            },
            {
                "to": {
                    "startLine": 15,
                    "startColumn": 4,
                    "startOffset": 1424,
                    "endColumn": 100,
                    "endOffset": 1520
                },
                "from": {
                    "file": "C:\\Users\\Ming\\AndroidStudioProjects\\CS499APP\\app\\build\\intermediates\\exploded-aar\\com.android.support\\appcompat-v7\\24.1.1\\res\\values-sr\\values-sr.xml",
                    "position": {
                        "startLine": 15,
                        "startColumn": 4,
                        "startOffset": 1374,
                        "endColumn": 100,
                        "endOffset": 1470
                    }
                }
            },
            {
                "to": {
                    "startLine": 16,
                    "startColumn": 4,
                    "startOffset": 1525,
                    "endColumn": 103,
                    "endOffset": 1624
                },
                "from": {
                    "file": "C:\\Users\\Ming\\AndroidStudioProjects\\CS499APP\\app\\build\\intermediates\\exploded-aar\\com.android.support\\appcompat-v7\\24.1.1\\res\\values-sr\\values-sr.xml",
                    "position": {
                        "startLine": 16,
                        "startColumn": 4,
                        "startOffset": 1475,
                        "endColumn": 103,
                        "endOffset": 1574
                    }
                }
            },
            {
                "to": {
                    "startLine": 17,
                    "startColumn": 4,
                    "startOffset": 1629,
                    "endColumn": 107,
                    "endOffset": 1732
                },
                "from": {
                    "file": "C:\\Users\\Ming\\AndroidStudioProjects\\CS499APP\\app\\build\\intermediates\\exploded-aar\\com.android.support\\appcompat-v7\\24.1.1\\res\\values-sr\\values-sr.xml",
                    "position": {
                        "startLine": 17,
                        "startColumn": 4,
                        "startOffset": 1579,
                        "endColumn": 107,
                        "endOffset": 1682
                    }
                }
            },
            {
                "to": {
                    "startLine": 18,
                    "startColumn": 4,
                    "startOffset": 1737,
                    "endColumn": 100,
                    "endOffset": 1833
                },
                "from": {
                    "file": "C:\\Users\\Ming\\AndroidStudioProjects\\CS499APP\\app\\build\\intermediates\\exploded-aar\\com.android.support\\appcompat-v7\\24.1.1\\res\\values-sr\\values-sr.xml",
                    "position": {
                        "startLine": 18,
                        "startColumn": 4,
                        "startOffset": 1687,
                        "endColumn": 100,
                        "endOffset": 1783
                    }
                }
            },
            {
                "to": {
                    "startLine": 19,
                    "startColumn": 4,
                    "startOffset": 1838,
                    "endColumn": 127,
                    "endOffset": 1961
                },
                "from": {
                    "file": "C:\\Users\\Ming\\AndroidStudioProjects\\CS499APP\\app\\build\\intermediates\\exploded-aar\\com.android.support\\appcompat-v7\\24.1.1\\res\\values-sr\\values-sr.xml",
                    "position": {
                        "startLine": 19,
                        "startColumn": 4,
                        "startOffset": 1788,
                        "endColumn": 127,
                        "endOffset": 1911
                    }
                }
            },
            {
                "to": {
                    "startLine": 20,
                    "startColumn": 4,
                    "startOffset": 1966,
                    "endColumn": 96,
                    "endOffset": 2058
                },
                "from": {
                    "file": "C:\\Users\\Ming\\AndroidStudioProjects\\CS499APP\\app\\build\\intermediates\\exploded-aar\\com.android.support\\appcompat-v7\\24.1.1\\res\\values-sr\\values-sr.xml",
                    "position": {
                        "startLine": 20,
                        "startColumn": 4,
                        "startOffset": 1916,
                        "endColumn": 96,
                        "endOffset": 2008
                    }
                }
            },
            {
                "to": {
                    "startLine": 21,
                    "startColumn": 4,
                    "startOffset": 2063,
                    "endColumn": 77,
                    "endOffset": 2136
                },
                "from": {
                    "file": "C:\\Users\\Ming\\AndroidStudioProjects\\CS499APP\\app\\build\\intermediates\\exploded-aar\\com.google.android.gms\\play-services-cast-framework\\9.8.0\\res\\values-sr\\values.xml",
                    "position": {
                        "startLine": 4,
                        "startColumn": 0,
                        "startOffset": 298,
                        "endColumn": 73,
                        "endOffset": 371
                    }
                }
            },
            {
                "to": {
                    "startLine": 22,
                    "startColumn": 4,
                    "startOffset": 2141,
                    "endColumn": 99,
                    "endOffset": 2236
                },
                "from": {
                    "file": "C:\\Users\\Ming\\AndroidStudioProjects\\CS499APP\\app\\build\\intermediates\\exploded-aar\\com.google.android.gms\\play-services-cast-framework\\9.8.0\\res\\values-sr\\values.xml",
                    "position": {
                        "startLine": 5,
                        "startColumn": 0,
                        "startOffset": 372,
                        "endColumn": 95,
                        "endOffset": 467
                    }
                }
            },
            {
                "to": {
                    "startLine": 23,
                    "startColumn": 4,
                    "startOffset": 2241,
                    "endColumn": 94,
                    "endOffset": 2331
                },
                "from": {
                    "file": "C:\\Users\\Ming\\AndroidStudioProjects\\CS499APP\\app\\build\\intermediates\\exploded-aar\\com.google.android.gms\\play-services-cast-framework\\9.8.0\\res\\values-sr\\values.xml",
                    "position": {
                        "startLine": 6,
                        "startColumn": 0,
                        "startOffset": 468,
                        "endColumn": 90,
                        "endOffset": 558
                    }
                }
            },
            {
                "to": {
                    "startLine": 24,
                    "startColumn": 4,
                    "startOffset": 2336,
                    "endColumn": 120,
                    "endOffset": 2452
                },
                "from": {
                    "file": "C:\\Users\\Ming\\AndroidStudioProjects\\CS499APP\\app\\build\\intermediates\\exploded-aar\\com.google.android.gms\\play-services-cast-framework\\9.8.0\\res\\values-sr\\values.xml",
                    "position": {
                        "startLine": 7,
                        "startColumn": 0,
                        "startOffset": 559,
                        "endColumn": 116,
                        "endOffset": 675
                    }
                }
            },
            {
                "to": {
                    "startLine": 25,
                    "startColumn": 4,
                    "startOffset": 2457,
                    "endColumn": 86,
                    "endOffset": 2539
                },
                "from": {
                    "file": "C:\\Users\\Ming\\AndroidStudioProjects\\CS499APP\\app\\build\\intermediates\\exploded-aar\\com.google.android.gms\\play-services-cast-framework\\9.8.0\\res\\values-sr\\values.xml",
                    "position": {
                        "startLine": 8,
                        "startColumn": 0,
                        "startOffset": 676,
                        "endColumn": 82,
                        "endOffset": 758
                    }
                }
            },
            {
                "to": {
                    "startLine": 26,
                    "startColumn": 4,
                    "startOffset": 2544,
                    "endColumn": 127,
                    "endOffset": 2667
                },
                "from": {
                    "file": "C:\\Users\\Ming\\AndroidStudioProjects\\CS499APP\\app\\build\\intermediates\\exploded-aar\\com.google.android.gms\\play-services-cast-framework\\9.8.0\\res\\values-sr\\values.xml",
                    "position": {
                        "startLine": 9,
                        "startColumn": 0,
                        "startOffset": 759,
                        "endColumn": 123,
                        "endOffset": 882
                    }
                }
            },
            {
                "to": {
                    "startLine": 27,
                    "startColumn": 4,
                    "startOffset": 2672,
                    "endColumn": 111,
                    "endOffset": 2779
                },
                "from": {
                    "file": "C:\\Users\\Ming\\AndroidStudioProjects\\CS499APP\\app\\build\\intermediates\\exploded-aar\\com.google.android.gms\\play-services-cast-framework\\9.8.0\\res\\values-sr\\values.xml",
                    "position": {
                        "startLine": 10,
                        "startColumn": 0,
                        "startOffset": 883,
                        "endColumn": 107,
                        "endOffset": 990
                    }
                }
            },
            {
                "to": {
                    "startLine": 28,
                    "startColumn": 4,
                    "startOffset": 2784,
                    "endColumn": 116,
                    "endOffset": 2896
                },
                "from": {
                    "file": "C:\\Users\\Ming\\AndroidStudioProjects\\CS499APP\\app\\build\\intermediates\\exploded-aar\\com.google.android.gms\\play-services-cast-framework\\9.8.0\\res\\values-sr\\values.xml",
                    "position": {
                        "startLine": 11,
                        "startColumn": 0,
                        "startOffset": 991,
                        "endColumn": 112,
                        "endOffset": 1103
                    }
                }
            },
            {
                "to": {
                    "startLine": 29,
                    "startColumn": 4,
                    "startOffset": 2901,
                    "endColumn": 102,
                    "endOffset": 2999
                },
                "from": {
                    "file": "C:\\Users\\Ming\\AndroidStudioProjects\\CS499APP\\app\\build\\intermediates\\exploded-aar\\com.google.android.gms\\play-services-cast-framework\\9.8.0\\res\\values-sr\\values.xml",
                    "position": {
                        "startLine": 12,
                        "startColumn": 0,
                        "startOffset": 1104,
                        "endColumn": 98,
                        "endOffset": 1202
                    }
                }
            },
            {
                "to": {
                    "startLine": 30,
                    "startColumn": 4,
                    "startOffset": 3004,
                    "endColumn": 105,
                    "endOffset": 3105
                },
                "from": {
                    "file": "C:\\Users\\Ming\\AndroidStudioProjects\\CS499APP\\app\\build\\intermediates\\exploded-aar\\com.google.android.gms\\play-services-cast-framework\\9.8.0\\res\\values-sr\\values.xml",
                    "position": {
                        "startLine": 13,
                        "startColumn": 0,
                        "startOffset": 1203,
                        "endColumn": 101,
                        "endOffset": 1304
                    }
                }
            },
            {
                "to": {
                    "startLine": 31,
                    "startColumn": 4,
                    "startOffset": 3110,
                    "endColumn": 79,
                    "endOffset": 3185
                },
                "from": {
                    "file": "C:\\Users\\Ming\\AndroidStudioProjects\\CS499APP\\app\\build\\intermediates\\exploded-aar\\com.google.android.gms\\play-services-cast-framework\\9.8.0\\res\\values-sr\\values.xml",
                    "position": {
                        "startLine": 14,
                        "startColumn": 0,
                        "startOffset": 1305,
                        "endColumn": 75,
                        "endOffset": 1380
                    }
                }
            },
            {
                "to": {
                    "startLine": 32,
                    "startColumn": 4,
                    "startOffset": 3190,
                    "endColumn": 104,
                    "endOffset": 3290
                },
                "from": {
                    "file": "C:\\Users\\Ming\\AndroidStudioProjects\\CS499APP\\app\\build\\intermediates\\exploded-aar\\com.google.android.gms\\play-services-cast-framework\\9.8.0\\res\\values-sr\\values.xml",
                    "position": {
                        "startLine": 15,
                        "startColumn": 0,
                        "startOffset": 1381,
                        "endColumn": 100,
                        "endOffset": 1481
                    }
                }
            },
            {
                "to": {
                    "startLine": 33,
                    "startColumn": 4,
                    "startOffset": 3295,
                    "endColumn": 107,
                    "endOffset": 3398
                },
                "from": {
                    "file": "C:\\Users\\Ming\\AndroidStudioProjects\\CS499APP\\app\\build\\intermediates\\exploded-aar\\com.google.android.gms\\play-services-cast-framework\\9.8.0\\res\\values-sr\\values.xml",
                    "position": {
                        "startLine": 16,
                        "startColumn": 0,
                        "startOffset": 1482,
                        "endColumn": 103,
                        "endOffset": 1585
                    }
                }
            },
            {
                "to": {
                    "startLine": 34,
                    "startColumn": 4,
                    "startOffset": 3403,
                    "endColumn": 107,
                    "endOffset": 3506
                },
                "from": {
                    "file": "C:\\Users\\Ming\\AndroidStudioProjects\\CS499APP\\app\\build\\intermediates\\exploded-aar\\com.google.android.gms\\play-services-cast-framework\\9.8.0\\res\\values-sr\\values.xml",
                    "position": {
                        "startLine": 17,
                        "startColumn": 0,
                        "startOffset": 1586,
                        "endColumn": 103,
                        "endOffset": 1689
                    }
                }
            },
            {
                "to": {
                    "startLine": 35,
                    "startColumn": 4,
                    "startOffset": 3511,
                    "endColumn": 80,
                    "endOffset": 3587
                },
                "from": {
                    "file": "C:\\Users\\Ming\\AndroidStudioProjects\\CS499APP\\app\\build\\intermediates\\exploded-aar\\com.google.android.gms\\play-services-cast-framework\\9.8.0\\res\\values-sr\\values.xml",
                    "position": {
                        "startLine": 18,
                        "startColumn": 0,
                        "startOffset": 1690,
                        "endColumn": 76,
                        "endOffset": 1766
                    }
                }
            },
            {
                "to": {
                    "startLine": 36,
                    "startColumn": 4,
                    "startOffset": 3592,
                    "endColumn": 138,
                    "endOffset": 3726
                },
                "from": {
                    "file": "C:\\Users\\Ming\\AndroidStudioProjects\\CS499APP\\app\\build\\intermediates\\exploded-aar\\com.google.android.gms\\play-services-cast\\9.8.0\\res\\values-sr\\values.xml",
                    "position": {
                        "startLine": 4,
                        "startColumn": 0,
                        "startOffset": 288,
                        "endColumn": 138,
                        "endOffset": 426
                    }
                }
            },
            {
                "to": {
                    "startLine": 37,
                    "startColumn": 4,
                    "startOffset": 3731,
                    "endColumn": 138,
                    "endOffset": 3865
                },
                "from": {
                    "file": "C:\\Users\\Ming\\AndroidStudioProjects\\CS499APP\\app\\build\\intermediates\\exploded-aar\\com.google.android.gms\\play-services-cast\\9.8.0\\res\\values-sr\\values.xml",
                    "position": {
                        "startLine": 5,
                        "startColumn": 0,
                        "startOffset": 427,
                        "endColumn": 138,
                        "endOffset": 565
                    }
                }
            },
            {
                "to": {
                    "startLine": 38,
                    "startColumn": 4,
                    "startOffset": 3870,
                    "endColumn": 99,
                    "endOffset": 3965
                },
                "from": {
                    "file": "C:\\Users\\Ming\\AndroidStudioProjects\\CS499APP\\app\\build\\intermediates\\exploded-aar\\com.google.android.gms\\play-services-cast\\9.8.0\\res\\values-sr\\values.xml",
                    "position": {
                        "startLine": 6,
                        "startColumn": 0,
                        "startOffset": 566,
                        "endColumn": 95,
                        "endOffset": 661
                    }
                }
            },
            {
                "to": {
                    "startLine": 39,
                    "startColumn": 4,
                    "startOffset": 3970,
                    "endColumn": 79,
                    "endOffset": 4045
                },
                "from": {
                    "file": "C:\\Users\\Ming\\AndroidStudioProjects\\CS499APP\\app\\build\\intermediates\\exploded-aar\\com.google.android.gms\\play-services-cast-framework\\9.8.0\\res\\values-sr\\values.xml",
                    "position": {
                        "startLine": 19,
                        "startColumn": 0,
                        "startOffset": 1767,
                        "endColumn": 75,
                        "endOffset": 1842
                    }
                }
            },
            {
                "to": {
                    "startLine": 40,
                    "startColumn": 4,
                    "startOffset": 4050,
                    "endColumn": 73,
                    "endOffset": 4119
                },
                "from": {
                    "file": "C:\\Users\\Ming\\AndroidStudioProjects\\CS499APP\\app\\build\\intermediates\\exploded-aar\\com.google.android.gms\\play-services-cast-framework\\9.8.0\\res\\values-sr\\values.xml",
                    "position": {
                        "startLine": 20,
                        "startColumn": 0,
                        "startOffset": 1843,
                        "endColumn": 69,
                        "endOffset": 1912
                    }
                }
            },
            {
                "to": {
                    "startLine": 41,
                    "startColumn": 4,
                    "startOffset": 4124,
                    "endColumn": 98,
                    "endOffset": 4218
                },
                "from": {
                    "file": "C:\\Users\\Ming\\AndroidStudioProjects\\CS499APP\\app\\build\\intermediates\\exploded-aar\\com.google.android.gms\\play-services-cast-framework\\9.8.0\\res\\values-sr\\values.xml",
                    "position": {
                        "startLine": 21,
                        "startColumn": 0,
                        "startOffset": 1913,
                        "endColumn": 94,
                        "endOffset": 2007
                    }
                }
            },
            {
                "to": {
                    "startLine": 42,
                    "startColumn": 4,
                    "startOffset": 4223,
                    "endColumn": 102,
                    "endOffset": 4321
                },
                "from": {
                    "file": "C:\\Users\\Ming\\AndroidStudioProjects\\CS499APP\\app\\build\\intermediates\\exploded-aar\\com.google.android.gms\\play-services-cast-framework\\9.8.0\\res\\values-sr\\values.xml",
                    "position": {
                        "startLine": 22,
                        "startColumn": 0,
                        "startOffset": 2008,
                        "endColumn": 98,
                        "endOffset": 2106
                    }
                }
            },
            {
                "to": {
                    "startLine": 43,
                    "startColumn": 4,
                    "startOffset": 4326,
                    "endColumn": 105,
                    "endOffset": 4427
                },
                "from": {
                    "file": "C:\\Users\\Ming\\AndroidStudioProjects\\CS499APP\\app\\build\\intermediates\\exploded-aar\\com.google.android.gms\\play-services-cast-framework\\9.8.0\\res\\values-sr\\values.xml",
                    "position": {
                        "startLine": 23,
                        "startColumn": 0,
                        "startOffset": 2107,
                        "endColumn": 101,
                        "endOffset": 2208
                    }
                }
            },
            {
                "to": {
                    "startLine": 44,
                    "startColumn": 4,
                    "startOffset": 4432,
                    "endColumn": 108,
                    "endOffset": 4536
                },
                "from": {
                    "file": "C:\\Users\\Ming\\AndroidStudioProjects\\CS499APP\\app\\build\\intermediates\\exploded-aar\\com.google.android.gms\\play-services-cast-framework\\9.8.0\\res\\values-sr\\values.xml",
                    "position": {
                        "startLine": 24,
                        "startColumn": 0,
                        "startOffset": 2209,
                        "endColumn": 104,
                        "endOffset": 2313
                    }
                }
            },
            {
                "to": {
                    "startLine": 45,
                    "startColumn": 4,
                    "startOffset": 4541,
                    "endColumn": 99,
                    "endOffset": 4636
                },
                "from": {
                    "file": "C:\\Users\\Ming\\AndroidStudioProjects\\CS499APP\\app\\build\\intermediates\\exploded-aar\\com.google.android.gms\\play-services-cast-framework\\9.8.0\\res\\values-sr\\values.xml",
                    "position": {
                        "startLine": 25,
                        "startColumn": 0,
                        "startOffset": 2314,
                        "endColumn": 95,
                        "endOffset": 2409
                    }
                }
            },
            {
                "to": {
                    "startLine": 46,
                    "startColumn": 4,
                    "startOffset": 4641,
                    "endColumn": 101,
                    "endOffset": 4738
                },
                "from": {
                    "file": "C:\\Users\\Ming\\AndroidStudioProjects\\CS499APP\\app\\build\\intermediates\\exploded-aar\\com.google.android.gms\\play-services-cast-framework\\9.8.0\\res\\values-sr\\values.xml",
                    "position": {
                        "startLine": 26,
                        "startColumn": 0,
                        "startOffset": 2410,
                        "endColumn": 97,
                        "endOffset": 2507
                    }
                }
            },
            {
                "to": {
                    "startLine": 47,
                    "startColumn": 4,
                    "startOffset": 4743,
                    "endColumn": 89,
                    "endOffset": 4828
                },
                "from": {
                    "file": "C:\\Users\\Ming\\AndroidStudioProjects\\CS499APP\\app\\build\\intermediates\\exploded-aar\\com.google.android.gms\\play-services-cast-framework\\9.8.0\\res\\values-sr\\values.xml",
                    "position": {
                        "startLine": 27,
                        "startColumn": 0,
                        "startOffset": 2508,
                        "endColumn": 85,
                        "endOffset": 2593
                    }
                }
            },
            {
                "to": {
                    "startLine": 48,
                    "startColumn": 4,
                    "startOffset": 4833,
                    "endColumn": 100,
                    "endOffset": 4929
                },
                "from": {
                    "file": "C:\\Users\\Ming\\AndroidStudioProjects\\CS499APP\\app\\build\\intermediates\\exploded-aar\\com.google.android.gms\\play-services-cast-framework\\9.8.0\\res\\values-sr\\values.xml",
                    "position": {
                        "startLine": 28,
                        "startColumn": 0,
                        "startOffset": 2594,
                        "endColumn": 96,
                        "endOffset": 2690
                    }
                }
            },
            {
                "to": {
                    "startLine": 49,
                    "startColumn": 4,
                    "startOffset": 4934,
                    "endColumn": 95,
                    "endOffset": 5025
                },
                "from": {
                    "file": "C:\\Users\\Ming\\AndroidStudioProjects\\CS499APP\\app\\build\\intermediates\\exploded-aar\\com.google.android.gms\\play-services-cast-framework\\9.8.0\\res\\values-sr\\values.xml",
                    "position": {
                        "startLine": 29,
                        "startColumn": 0,
                        "startOffset": 2691,
                        "endColumn": 91,
                        "endOffset": 2782
                    }
                }
            },
            {
                "to": {
                    "startLine": 50,
                    "startColumn": 4,
                    "startOffset": 5030,
                    "endColumn": 98,
                    "endOffset": 5124
                },
                "from": {
                    "file": "C:\\Users\\Ming\\AndroidStudioProjects\\CS499APP\\app\\build\\intermediates\\exploded-aar\\com.google.android.gms\\play-services-cast-framework\\9.8.0\\res\\values-sr\\values.xml",
                    "position": {
                        "startLine": 30,
                        "startColumn": 0,
                        "startOffset": 2783,
                        "endColumn": 94,
                        "endOffset": 2877
                    }
                }
            },
            {
                "to": {
                    "startLine": 51,
                    "startColumn": 4,
                    "startOffset": 5129,
                    "endColumn": 144,
                    "endOffset": 5269
                },
                "from": {
                    "file": "C:\\Users\\Ming\\AndroidStudioProjects\\CS499APP\\app\\build\\intermediates\\exploded-aar\\com.google.android.gms\\play-services-cast-framework\\9.8.0\\res\\values-sr\\values.xml",
                    "position": {
                        "startLine": 31,
                        "startColumn": 0,
                        "startOffset": 2878,
                        "endColumn": 144,
                        "endOffset": 3022
                    }
                }
            },
            {
                "to": {
                    "startLine": 52,
                    "startColumn": 4,
                    "startOffset": 5274,
                    "endColumn": 128,
                    "endOffset": 5398
                },
                "from": {
                    "file": "C:\\Users\\Ming\\AndroidStudioProjects\\CS499APP\\app\\build\\intermediates\\exploded-aar\\com.google.android.gms\\play-services-cast-framework\\9.8.0\\res\\values-sr\\values.xml",
                    "position": {
                        "startLine": 32,
                        "startColumn": 0,
                        "startOffset": 3023,
                        "endColumn": 124,
                        "endOffset": 3147
                    }
                }
            },
            {
                "to": {
                    "startLine": 53,
                    "startColumn": 4,
                    "startOffset": 5403,
                    "endColumn": 133,
                    "endOffset": 5532
                },
                "from": {
                    "file": "C:\\Users\\Ming\\AndroidStudioProjects\\CS499APP\\app\\build\\intermediates\\exploded-aar\\com.google.android.gms\\play-services-cast-framework\\9.8.0\\res\\values-sr\\values.xml",
                    "position": {
                        "startLine": 33,
                        "startColumn": 0,
                        "startOffset": 3148,
                        "endColumn": 129,
                        "endOffset": 3277
                    }
                }
            },
            {
                "to": {
                    "startLine": 54,
                    "startColumn": 4,
                    "startOffset": 5537,
                    "endColumn": 95,
                    "endOffset": 5628
                },
                "from": {
                    "file": "C:\\Users\\Ming\\AndroidStudioProjects\\CS499APP\\app\\build\\intermediates\\exploded-aar\\com.google.android.gms\\play-services-cast-framework\\9.8.0\\res\\values-sr\\values.xml",
                    "position": {
                        "startLine": 34,
                        "startColumn": 0,
                        "startOffset": 3278,
                        "endColumn": 91,
                        "endOffset": 3369
                    }
                }
            },
            {
                "to": {
                    "startLine": 55,
                    "startColumn": 4,
                    "startOffset": 5633,
                    "endColumn": 95,
                    "endOffset": 5724
                },
                "from": {
                    "file": "C:\\Users\\Ming\\AndroidStudioProjects\\CS499APP\\app\\build\\intermediates\\exploded-aar\\com.google.android.gms\\play-services-cast-framework\\9.8.0\\res\\values-sr\\values.xml",
                    "position": {
                        "startLine": 35,
                        "startColumn": 0,
                        "startOffset": 3370,
                        "endColumn": 91,
                        "endOffset": 3461
                    }
                }
            },
            {
                "to": {
                    "startLine": 56,
                    "startColumn": 4,
                    "startOffset": 5729,
                    "endColumn": 102,
                    "endOffset": 5827
                },
                "from": {
                    "file": "C:\\Users\\Ming\\AndroidStudioProjects\\CS499APP\\app\\build\\intermediates\\exploded-aar\\com.google.android.gms\\play-services-cast-framework\\9.8.0\\res\\values-sr\\values.xml",
                    "position": {
                        "startLine": 36,
                        "startColumn": 0,
                        "startOffset": 3462,
                        "endColumn": 98,
                        "endOffset": 3560
                    }
                }
            },
            {
                "to": {
                    "startLine": 57,
                    "startColumn": 4,
                    "startOffset": 5832,
                    "endColumn": 81,
                    "endOffset": 5909
                },
                "from": {
                    "file": "C:\\Users\\Ming\\AndroidStudioProjects\\CS499APP\\app\\build\\intermediates\\exploded-aar\\com.google.android.gms\\play-services-cast-framework\\9.8.0\\res\\values-sr\\values.xml",
                    "position": {
                        "startLine": 37,
                        "startColumn": 0,
                        "startOffset": 3561,
                        "endColumn": 77,
                        "endOffset": 3638
                    }
                }
            },
            {
                "to": {
                    "startLine": 58,
                    "startColumn": 4,
                    "startOffset": 5914,
                    "endColumn": 107,
                    "endOffset": 6017
                },
                "from": {
                    "file": "C:\\Users\\Ming\\AndroidStudioProjects\\CS499APP\\app\\build\\intermediates\\exploded-aar\\com.google.android.gms\\play-services-base\\9.8.0\\res\\values-sr\\values.xml",
                    "position": {
                        "startLine": 4,
                        "startColumn": 0,
                        "startOffset": 283,
                        "endColumn": 103,
                        "endOffset": 386
                    }
                }
            },
            {
                "to": {
                    "startLine": 59,
                    "startColumn": 4,
                    "startOffset": 6022,
                    "endColumn": 187,
                    "endOffset": 6205
                },
                "from": {
                    "file": "C:\\Users\\Ming\\AndroidStudioProjects\\CS499APP\\app\\build\\intermediates\\exploded-aar\\com.google.android.gms\\play-services-base\\9.8.0\\res\\values-sr\\values.xml",
                    "position": {
                        "startLine": 5,
                        "startColumn": 0,
                        "startOffset": 387,
                        "endColumn": 187,
                        "endOffset": 574
                    }
                }
            },
            {
                "to": {
                    "startLine": 60,
                    "startColumn": 4,
                    "startOffset": 6210,
                    "endColumn": 127,
                    "endOffset": 6333
                },
                "from": {
                    "file": "C:\\Users\\Ming\\AndroidStudioProjects\\CS499APP\\app\\build\\intermediates\\exploded-aar\\com.google.android.gms\\play-services-base\\9.8.0\\res\\values-sr\\values.xml",
                    "position": {
                        "startLine": 6,
                        "startColumn": 0,
                        "startOffset": 575,
                        "endColumn": 123,
                        "endOffset": 698
                    }
                }
            },
            {
                "to": {
                    "startLine": 61,
                    "startColumn": 4,
                    "startOffset": 6338,
                    "endColumn": 111,
                    "endOffset": 6445
                },
                "from": {
                    "file": "C:\\Users\\Ming\\AndroidStudioProjects\\CS499APP\\app\\build\\intermediates\\exploded-aar\\com.google.android.gms\\play-services-base\\9.8.0\\res\\values-sr\\values.xml",
                    "position": {
                        "startLine": 7,
                        "startColumn": 0,
                        "startOffset": 699,
                        "endColumn": 107,
                        "endOffset": 806
                    }
                }
            },
            {
                "to": {
                    "startLine": 62,
                    "startColumn": 4,
                    "startOffset": 6450,
                    "endColumn": 212,
                    "endOffset": 6658
                },
                "from": {
                    "file": "C:\\Users\\Ming\\AndroidStudioProjects\\CS499APP\\app\\build\\intermediates\\exploded-aar\\com.google.android.gms\\play-services-base\\9.8.0\\res\\values-sr\\values.xml",
                    "position": {
                        "startLine": 8,
                        "startColumn": 0,
                        "startOffset": 807,
                        "endColumn": 212,
                        "endOffset": 1019
                    }
                }
            },
            {
                "to": {
                    "startLine": 63,
                    "startColumn": 4,
                    "startOffset": 6663,
                    "endColumn": 128,
                    "endOffset": 6787
                },
                "from": {
                    "file": "C:\\Users\\Ming\\AndroidStudioProjects\\CS499APP\\app\\build\\intermediates\\exploded-aar\\com.google.android.gms\\play-services-base\\9.8.0\\res\\values-sr\\values.xml",
                    "position": {
                        "startLine": 9,
                        "startColumn": 0,
                        "startOffset": 1020,
                        "endColumn": 124,
                        "endOffset": 1144
                    }
                }
            },
            {
                "to": {
                    "startLine": 64,
                    "startColumn": 4,
                    "startOffset": 6792,
                    "endColumn": 130,
                    "endOffset": 6918
                },
                "from": {
                    "file": "C:\\Users\\Ming\\AndroidStudioProjects\\CS499APP\\app\\build\\intermediates\\exploded-aar\\com.google.android.gms\\play-services-base\\9.8.0\\res\\values-sr\\values.xml",
                    "position": {
                        "startLine": 10,
                        "startColumn": 0,
                        "startOffset": 1145,
                        "endColumn": 126,
                        "endOffset": 1271
                    }
                }
            },
            {
                "to": {
                    "startLine": 65,
                    "startColumn": 4,
                    "startOffset": 6923,
                    "endColumn": 189,
                    "endOffset": 7108
                },
                "from": {
                    "file": "C:\\Users\\Ming\\AndroidStudioProjects\\CS499APP\\app\\build\\intermediates\\exploded-aar\\com.google.android.gms\\play-services-basement\\9.8.0\\res\\values-sr\\values.xml",
                    "position": {
                        "startLine": 4,
                        "startColumn": 0,
                        "startOffset": 285,
                        "endColumn": 189,
                        "endOffset": 474
                    }
                }
            },
            {
                "to": {
                    "startLine": 66,
                    "startColumn": 4,
                    "startOffset": 7113,
                    "endColumn": 207,
                    "endOffset": 7316
                },
                "from": {
                    "file": "C:\\Users\\Ming\\AndroidStudioProjects\\CS499APP\\app\\build\\intermediates\\exploded-aar\\com.google.android.gms\\play-services-base\\9.8.0\\res\\values-sr\\values.xml",
                    "position": {
                        "startLine": 11,
                        "startColumn": 0,
                        "startOffset": 1272,
                        "endColumn": 207,
                        "endOffset": 1479
                    }
                }
            },
            {
                "to": {
                    "startLine": 67,
                    "startColumn": 4,
                    "startOffset": 7321,
                    "endColumn": 108,
                    "endOffset": 7425
                },
                "from": {
                    "file": "C:\\Users\\Ming\\AndroidStudioProjects\\CS499APP\\app\\build\\intermediates\\exploded-aar\\com.google.android.gms\\play-services-base\\9.8.0\\res\\values-sr\\values.xml",
                    "position": {
                        "startLine": 12,
                        "startColumn": 0,
                        "startOffset": 1480,
                        "endColumn": 104,
                        "endOffset": 1584
                    }
                }
            },
            {
                "to": {
                    "startLine": 68,
                    "startColumn": 4,
                    "startOffset": 7430,
                    "endColumn": 190,
                    "endOffset": 7616
                },
                "from": {
                    "file": "C:\\Users\\Ming\\AndroidStudioProjects\\CS499APP\\app\\build\\intermediates\\exploded-aar\\com.google.android.gms\\play-services-base\\9.8.0\\res\\values-sr\\values.xml",
                    "position": {
                        "startLine": 13,
                        "startColumn": 0,
                        "startOffset": 1585,
                        "endColumn": 190,
                        "endOffset": 1775
                    }
                }
            },
            {
                "to": {
                    "startLine": 69,
                    "startColumn": 4,
                    "startOffset": 7621,
                    "endColumn": 128,
                    "endOffset": 7745
                },
                "from": {
                    "file": "C:\\Users\\Ming\\AndroidStudioProjects\\CS499APP\\app\\build\\intermediates\\exploded-aar\\com.google.android.gms\\play-services-base\\9.8.0\\res\\values-sr\\values.xml",
                    "position": {
                        "startLine": 14,
                        "startColumn": 0,
                        "startOffset": 1776,
                        "endColumn": 124,
                        "endOffset": 1900
                    }
                }
            },
            {
                "to": {
                    "startLine": 70,
                    "startColumn": 4,
                    "startOffset": 7750,
                    "endColumn": 207,
                    "endOffset": 7953
                },
                "from": {
                    "file": "C:\\Users\\Ming\\AndroidStudioProjects\\CS499APP\\app\\build\\intermediates\\exploded-aar\\com.google.android.gms\\play-services-base\\9.8.0\\res\\values-sr\\values.xml",
                    "position": {
                        "startLine": 15,
                        "startColumn": 0,
                        "startOffset": 1901,
                        "endColumn": 207,
                        "endOffset": 2108
                    }
                }
            },
            {
                "to": {
                    "startLine": 71,
                    "startColumn": 4,
                    "startOffset": 7958,
                    "endColumn": 171,
                    "endOffset": 8125
                },
                "from": {
                    "file": "C:\\Users\\Ming\\AndroidStudioProjects\\CS499APP\\app\\build\\intermediates\\exploded-aar\\com.google.android.gms\\play-services-base\\9.8.0\\res\\values-sr\\values.xml",
                    "position": {
                        "startLine": 16,
                        "startColumn": 0,
                        "startOffset": 2109,
                        "endColumn": 167,
                        "endOffset": 2276
                    }
                }
            },
            {
                "to": {
                    "startLine": 72,
                    "startColumn": 4,
                    "startOffset": 8130,
                    "endColumn": 97,
                    "endOffset": 8223
                },
                "from": {
                    "file": "C:\\Users\\Ming\\AndroidStudioProjects\\CS499APP\\app\\build\\intermediates\\exploded-aar\\com.google.android.gms\\play-services-base\\9.8.0\\res\\values-sr\\values.xml",
                    "position": {
                        "startLine": 17,
                        "startColumn": 0,
                        "startOffset": 2277,
                        "endColumn": 93,
                        "endOffset": 2370
                    }
                }
            },
            {
                "to": {
                    "startLine": 73,
                    "startColumn": 4,
                    "startOffset": 8228,
                    "endColumn": 94,
                    "endOffset": 8318
                },
                "from": {
                    "file": "C:\\Users\\Ming\\AndroidStudioProjects\\CS499APP\\app\\build\\intermediates\\exploded-aar\\com.google.android.gms\\play-services-base\\9.8.0\\res\\values-sr\\values.xml",
                    "position": {
                        "startLine": 18,
                        "startColumn": 0,
                        "startOffset": 2371,
                        "endColumn": 90,
                        "endOffset": 2461
                    }
                }
            },
            {
                "to": {
                    "startLine": 74,
                    "startColumn": 4,
                    "startOffset": 8323,
                    "endColumn": 108,
                    "endOffset": 8427
                },
                "from": {
                    "file": "C:\\Users\\Ming\\AndroidStudioProjects\\CS499APP\\app\\build\\intermediates\\exploded-aar\\com.google.android.gms\\play-services-base\\9.8.0\\res\\values-sr\\values.xml",
                    "position": {
                        "startLine": 19,
                        "startColumn": 0,
                        "startOffset": 2462,
                        "endColumn": 104,
                        "endOffset": 2566
                    }
                }
            },
            {
                "to": {
                    "startLine": 75,
                    "startColumn": 4,
                    "startOffset": 8432,
                    "endColumn": 101,
                    "endOffset": 8529
                },
                "from": {
                    "file": "C:\\Users\\Ming\\AndroidStudioProjects\\CS499APP\\app\\build\\intermediates\\exploded-aar\\com.android.support\\mediarouter-v7\\24.0.0\\res\\values-sr\\values-sr.xml",
                    "position": {
                        "startLine": 2,
                        "startColumn": 4,
                        "startOffset": 55,
                        "endColumn": 101,
                        "endOffset": 152
                    }
                }
            },
            {
                "to": {
                    "startLine": 76,
                    "startColumn": 4,
                    "startOffset": 8534,
                    "endColumn": 98,
                    "endOffset": 8628
                },
                "from": {
                    "file": "C:\\Users\\Ming\\AndroidStudioProjects\\CS499APP\\app\\build\\intermediates\\exploded-aar\\com.android.support\\mediarouter-v7\\24.0.0\\res\\values-sr\\values-sr.xml",
                    "position": {
                        "startLine": 3,
                        "startColumn": 4,
                        "startOffset": 157,
                        "endColumn": 98,
                        "endOffset": 251
                    }
                }
            },
            {
                "to": {
                    "startLine": 77,
                    "startColumn": 4,
                    "startOffset": 8633,
                    "endColumn": 87,
                    "endOffset": 8716
                },
                "from": {
                    "file": "C:\\Users\\Ming\\AndroidStudioProjects\\CS499APP\\app\\build\\intermediates\\exploded-aar\\com.android.support\\mediarouter-v7\\24.0.0\\res\\values-sr\\values-sr.xml",
                    "position": {
                        "startLine": 4,
                        "startColumn": 4,
                        "startOffset": 256,
                        "endColumn": 87,
                        "endOffset": 339
                    }
                }
            },
            {
                "to": {
                    "startLine": 78,
                    "startColumn": 4,
                    "startOffset": 8721,
                    "endColumn": 93,
                    "endOffset": 8810
                },
                "from": {
                    "file": "C:\\Users\\Ming\\AndroidStudioProjects\\CS499APP\\app\\build\\intermediates\\exploded-aar\\com.android.support\\mediarouter-v7\\24.0.0\\res\\values-sr\\values-sr.xml",
                    "position": {
                        "startLine": 5,
                        "startColumn": 4,
                        "startOffset": 344,
                        "endColumn": 93,
                        "endOffset": 433
                    }
                }
            },
            {
                "to": {
                    "startLine": 79,
                    "startColumn": 4,
                    "startOffset": 8815,
                    "endColumn": 105,
                    "endOffset": 8916
                },
                "from": {
                    "file": "C:\\Users\\Ming\\AndroidStudioProjects\\CS499APP\\app\\build\\intermediates\\exploded-aar\\com.android.support\\mediarouter-v7\\24.0.0\\res\\values-sr\\values-sr.xml",
                    "position": {
                        "startLine": 6,
                        "startColumn": 4,
                        "startOffset": 438,
                        "endColumn": 105,
                        "endOffset": 539
                    }
                }
            },
            {
                "to": {
                    "startLine": 80,
                    "startColumn": 4,
                    "startOffset": 8921,
                    "endColumn": 97,
                    "endOffset": 9014
                },
                "from": {
                    "file": "C:\\Users\\Ming\\AndroidStudioProjects\\CS499APP\\app\\build\\intermediates\\exploded-aar\\com.android.support\\mediarouter-v7\\24.0.0\\res\\values-sr\\values-sr.xml",
                    "position": {
                        "startLine": 7,
                        "startColumn": 4,
                        "startOffset": 544,
                        "endColumn": 97,
                        "endOffset": 637
                    }
                }
            },
            {
                "to": {
                    "startLine": 81,
                    "startColumn": 4,
                    "startOffset": 9019,
                    "endColumn": 92,
                    "endOffset": 9107
                },
                "from": {
                    "file": "C:\\Users\\Ming\\AndroidStudioProjects\\CS499APP\\app\\build\\intermediates\\exploded-aar\\com.android.support\\mediarouter-v7\\24.0.0\\res\\values-sr\\values-sr.xml",
                    "position": {
                        "startLine": 8,
                        "startColumn": 4,
                        "startOffset": 642,
                        "endColumn": 92,
                        "endOffset": 730
                    }
                }
            },
            {
                "to": {
                    "startLine": 82,
                    "startColumn": 4,
                    "startOffset": 9112,
                    "endColumn": 95,
                    "endOffset": 9203
                },
                "from": {
                    "file": "C:\\Users\\Ming\\AndroidStudioProjects\\CS499APP\\app\\build\\intermediates\\exploded-aar\\com.android.support\\mediarouter-v7\\24.0.0\\res\\values-sr\\values-sr.xml",
                    "position": {
                        "startLine": 9,
                        "startColumn": 4,
                        "startOffset": 735,
                        "endColumn": 95,
                        "endOffset": 826
                    }
                }
            },
            {
                "to": {
                    "startLine": 83,
                    "startColumn": 4,
                    "startOffset": 9208,
                    "endColumn": 92,
                    "endOffset": 9296
                },
                "from": {
                    "file": "C:\\Users\\Ming\\AndroidStudioProjects\\CS499APP\\app\\build\\intermediates\\exploded-aar\\com.android.support\\mediarouter-v7\\24.0.0\\res\\values-sr\\values-sr.xml",
                    "position": {
                        "startLine": 10,
                        "startColumn": 4,
                        "startOffset": 831,
                        "endColumn": 92,
                        "endOffset": 919
                    }
                }
            },
            {
                "to": {
                    "startLine": 84,
                    "startColumn": 4,
                    "startOffset": 9301,
                    "endColumn": 123,
                    "endOffset": 9420
                },
                "from": {
                    "file": "C:\\Users\\Ming\\AndroidStudioProjects\\CS499APP\\app\\build\\intermediates\\exploded-aar\\com.android.support\\mediarouter-v7\\24.0.0\\res\\values-sr\\values-sr.xml",
                    "position": {
                        "startLine": 11,
                        "startColumn": 4,
                        "startOffset": 924,
                        "endColumn": 123,
                        "endOffset": 1043
                    }
                }
            },
            {
                "to": {
                    "startLine": 85,
                    "startColumn": 4,
                    "startOffset": 9425,
                    "endColumn": 111,
                    "endOffset": 9532
                },
                "from": {
                    "file": "C:\\Users\\Ming\\AndroidStudioProjects\\CS499APP\\app\\build\\intermediates\\exploded-aar\\com.android.support\\mediarouter-v7\\24.0.0\\res\\values-sr\\values-sr.xml",
                    "position": {
                        "startLine": 12,
                        "startColumn": 4,
                        "startOffset": 1048,
                        "endColumn": 111,
                        "endOffset": 1155
                    }
                }
            },
            {
                "to": {
                    "startLine": 86,
                    "startColumn": 4,
                    "startOffset": 9537,
                    "endColumn": 86,
                    "endOffset": 9619
                },
                "from": {
                    "file": "C:\\Users\\Ming\\AndroidStudioProjects\\CS499APP\\app\\build\\intermediates\\exploded-aar\\com.android.support\\mediarouter-v7\\24.0.0\\res\\values-sr\\values-sr.xml",
                    "position": {
                        "startLine": 13,
                        "startColumn": 4,
                        "startOffset": 1160,
                        "endColumn": 86,
                        "endOffset": 1242
                    }
                }
            },
            {
                "to": {
                    "startLine": 87,
                    "startColumn": 4,
                    "startOffset": 9624,
                    "endColumn": 81,
                    "endOffset": 9701
                },
                "from": {
                    "file": "C:\\Users\\Ming\\AndroidStudioProjects\\CS499APP\\app\\build\\intermediates\\exploded-aar\\com.android.support\\mediarouter-v7\\24.0.0\\res\\values-sr\\values-sr.xml",
                    "position": {
                        "startLine": 14,
                        "startColumn": 4,
                        "startOffset": 1247,
                        "endColumn": 81,
                        "endOffset": 1324
                    }
                }
            },
            {
                "to": {
                    "startLine": 88,
                    "startColumn": 4,
                    "startOffset": 9706,
                    "endColumn": 97,
                    "endOffset": 9799
                },
                "from": {
                    "file": "C:\\Users\\Ming\\AndroidStudioProjects\\CS499APP\\app\\build\\intermediates\\exploded-aar\\com.android.support\\mediarouter-v7\\24.0.0\\res\\values-sr\\values-sr.xml",
                    "position": {
                        "startLine": 15,
                        "startColumn": 4,
                        "startOffset": 1329,
                        "endColumn": 97,
                        "endOffset": 1422
                    }
                }
            },
            {
                "to": {
                    "startLine": 89,
                    "startColumn": 4,
                    "startOffset": 9804,
                    "endColumn": 85,
                    "endOffset": 9885
                },
                "from": {
                    "file": "C:\\Users\\Ming\\AndroidStudioProjects\\CS499APP\\app\\build\\intermediates\\exploded-aar\\com.android.support\\mediarouter-v7\\24.0.0\\res\\values-sr\\values-sr.xml",
                    "position": {
                        "startLine": 16,
                        "startColumn": 4,
                        "startOffset": 1427,
                        "endColumn": 85,
                        "endOffset": 1508
                    }
                }
            },
            {
                "to": {
                    "startLine": 90,
                    "startColumn": 4,
                    "startOffset": 9890,
                    "endColumn": 93,
                    "endOffset": 9979
                },
                "from": {
                    "file": "C:\\Users\\Ming\\AndroidStudioProjects\\CS499APP\\app\\build\\intermediates\\exploded-aar\\com.android.support\\mediarouter-v7\\24.0.0\\res\\values-sr\\values-sr.xml",
                    "position": {
                        "startLine": 17,
                        "startColumn": 4,
                        "startOffset": 1513,
                        "endColumn": 93,
                        "endOffset": 1602
                    }
                }
            },
            {
                "to": {
                    "startLine": 91,
                    "startColumn": 4,
                    "startOffset": 9984,
                    "endColumn": 100,
                    "endOffset": 10080
                },
                "from": {
                    "file": "C:\\Users\\Ming\\AndroidStudioProjects\\CS499APP\\app\\build\\intermediates\\exploded-aar\\com.android.support\\appcompat-v7\\24.1.1\\res\\values-sr\\values-sr.xml",
                    "position": {
                        "startLine": 21,
                        "startColumn": 4,
                        "startOffset": 2013,
                        "endColumn": 100,
                        "endOffset": 2109
                    }
                }
            }
        ]
    }
]