[
    {
        "outputFile": "C:\\Users\\Ming\\AndroidStudioProjects\\CS499APP\\app\\build\\intermediates\\incremental\\mergeDebugResources\\merged.dir\\values-nb\\values-nb.xml",
        "map": [
            {
                "to": {
                    "startLine": 2,
                    "startColumn": 4,
                    "startOffset": 105,
                    "endColumn": 107,
                    "endOffset": 208
                },
                "from": {
                    "file": "C:\\Users\\Ming\\AndroidStudioProjects\\CS499APP\\app\\build\\intermediates\\exploded-aar\\com.android.support\\appcompat-v7\\24.1.1\\res\\values-nb\\values-nb.xml",
                    "position": {
                        "startLine": 2,
                        "startColumn": 4,
                        "startOffset": 55,
                        "endColumn": 107,
                        "endOffset": 158
                    }
                }
            },
            {
                "to": {
                    "startLine": 3,
                    "startColumn": 4,
                    "startOffset": 213,
                    "endColumn": 108,
                    "endOffset": 317
                },
                "from": {
                    "file": "C:\\Users\\Ming\\AndroidStudioProjects\\CS499APP\\app\\build\\intermediates\\exploded-aar\\com.android.support\\appcompat-v7\\24.1.1\\res\\values-nb\\values-nb.xml",
                    "position": {
                        "startLine": 3,
                        "startColumn": 4,
                        "startOffset": 163,
                        "endColumn": 108,
                        "endOffset": 267
                    }
                }
            },
            {
                "to": {
                    "startLine": 4,
                    "startColumn": 4,
                    "startOffset": 322,
                    "endColumn": 124,
                    "endOffset": 442
                },
                "from": {
                    "file": "C:\\Users\\Ming\\AndroidStudioProjects\\CS499APP\\app\\build\\intermediates\\exploded-aar\\com.android.support\\appcompat-v7\\24.1.1\\res\\values-nb\\values-nb.xml",
                    "position": {
                        "startLine": 4,
                        "startColumn": 4,
                        "startOffset": 272,
                        "endColumn": 124,
                        "endOffset": 392
                    }
                }
            },
            {
                "to": {
                    "startLine": 5,
                    "startColumn": 4,
                    "startOffset": 447,
                    "endColumn": 94,
                    "endOffset": 537
                },
                "from": {
                    "file": "C:\\Users\\Ming\\AndroidStudioProjects\\CS499APP\\app\\build\\intermediates\\exploded-aar\\com.android.support\\appcompat-v7\\24.1.1\\res\\values-nb\\values-nb.xml",
                    "position": {
                        "startLine": 5,
                        "startColumn": 4,
                        "startOffset": 397,
                        "endColumn": 94,
                        "endOffset": 487
                    }
                }
            },
            {
                "to": {
                    "startLine": 6,
                    "startColumn": 4,
                    "startOffset": 542,
                    "endColumn": 113,
                    "endOffset": 651
                },
                "from": {
                    "file": "C:\\Users\\Ming\\AndroidStudioProjects\\CS499APP\\app\\build\\intermediates\\exploded-aar\\com.android.support\\appcompat-v7\\24.1.1\\res\\values-nb\\values-nb.xml",
                    "position": {
                        "startLine": 6,
                        "startColumn": 4,
                        "startOffset": 492,
                        "endColumn": 113,
                        "endOffset": 601
                    }
                }
            },
            {
                "to": {
                    "startLine": 7,
                    "startColumn": 4,
                    "startOffset": 656,
                    "endColumn": 85,
                    "endOffset": 737
                },
                "from": {
                    "file": "C:\\Users\\Ming\\AndroidStudioProjects\\CS499APP\\app\\build\\intermediates\\exploded-aar\\com.android.support\\appcompat-v7\\24.1.1\\res\\values-nb\\values-nb.xml",
                    "position": {
                        "startLine": 7,
                        "startColumn": 4,
                        "startOffset": 606,
                        "endColumn": 85,
                        "endOffset": 687
                    }
                }
            },
            {
                "to": {
                    "startLine": 8,
                    "startColumn": 4,
                    "startOffset": 742,
                    "endColumn": 99,
                    "endOffset": 837
                },
                "from": {
                    "file": "C:\\Users\\Ming\\AndroidStudioProjects\\CS499APP\\app\\build\\intermediates\\exploded-aar\\com.android.support\\appcompat-v7\\24.1.1\\res\\values-nb\\values-nb.xml",
                    "position": {
                        "startLine": 8,
                        "startColumn": 4,
                        "startOffset": 692,
                        "endColumn": 99,
                        "endOffset": 787
                    }
                }
            },
            {
                "to": {
                    "startLine": 9,
                    "startColumn": 4,
                    "startOffset": 842,
                    "endColumn": 112,
                    "endOffset": 950
                },
                "from": {
                    "file": "C:\\Users\\Ming\\AndroidStudioProjects\\CS499APP\\app\\build\\intermediates\\exploded-aar\\com.android.support\\appcompat-v7\\24.1.1\\res\\values-nb\\values-nb.xml",
                    "position": {
                        "startLine": 9,
                        "startColumn": 4,
                        "startOffset": 792,
                        "endColumn": 112,
                        "endOffset": 900
                    }
                }
            },
            {
                "to": {
                    "startLine": 10,
                    "startColumn": 4,
                    "startOffset": 955,
                    "endColumn": 75,
                    "endOffset": 1026
                },
                "from": {
                    "file": "C:\\Users\\Ming\\AndroidStudioProjects\\CS499APP\\app\\build\\intermediates\\exploded-aar\\com.android.support\\appcompat-v7\\24.1.1\\res\\values-nb\\values-nb.xml",
                    "position": {
                        "startLine": 10,
                        "startColumn": 4,
                        "startOffset": 905,
                        "endColumn": 75,
                        "endOffset": 976
                    }
                }
            },
            {
                "to": {
                    "startLine": 11,
                    "startColumn": 4,
                    "startOffset": 1031,
                    "endColumn": 75,
                    "endOffset": 1102
                },
                "from": {
                    "file": "C:\\Users\\Ming\\AndroidStudioProjects\\CS499APP\\app\\build\\intermediates\\exploded-aar\\com.android.support\\appcompat-v7\\24.1.1\\res\\values-nb\\values-nb.xml",
                    "position": {
                        "startLine": 11,
                        "startColumn": 4,
                        "startOffset": 981,
                        "endColumn": 75,
                        "endOffset": 1052
                    }
                }
            },
            {
                "to": {
                    "startLine": 12,
                    "startColumn": 4,
                    "startOffset": 1107,
                    "endColumn": 79,
                    "endOffset": 1182
                },
                "from": {
                    "file": "C:\\Users\\Ming\\AndroidStudioProjects\\CS499APP\\app\\build\\intermediates\\exploded-aar\\com.android.support\\appcompat-v7\\24.1.1\\res\\values-nb\\values-nb.xml",
                    "position": {
                        "startLine": 12,
                        "startColumn": 4,
                        "startOffset": 1057,
                        "endColumn": 79,
                        "endOffset": 1132
                    }
                }
            },
            {
                "to": {
                    "startLine": 13,
                    "startColumn": 4,
                    "startOffset": 1187,
                    "endColumn": 102,
                    "endOffset": 1285
                },
                "from": {
                    "file": "C:\\Users\\Ming\\AndroidStudioProjects\\CS499APP\\app\\build\\intermediates\\exploded-aar\\com.android.support\\appcompat-v7\\24.1.1\\res\\values-nb\\values-nb.xml",
                    "position": {
                        "startLine": 13,
                        "startColumn": 4,
                        "startOffset": 1137,
                        "endColumn": 102,
                        "endOffset": 1235
                    }
                }
            },
            {
                "to": {
                    "startLine": 14,
                    "startColumn": 4,
                    "startOffset": 1290,
                    "endColumn": 98,
                    "endOffset": 1384
                },
                "from": {
                    "file": "C:\\Users\\Ming\\AndroidStudioProjects\\CS499APP\\app\\build\\intermediates\\exploded-aar\\com.android.support\\appcompat-v7\\24.1.1\\res\\values-nb\\values-nb.xml",
                    "position": {
                        "startLine": 14,
                        "startColumn": 4,
                        "startOffset": 1240,
                        "endColumn": 98,
                        "endOffset": 1334
                    }
                }
            },
            {
                "to": {
                    "startLine": 15,
                    "startColumn": 4,
                    "startOffset": 1389,
                    "endColumn": 95,
                    "endOffset": 1480
                },
                "from": {
                    "file": "C:\\Users\\Ming\\AndroidStudioProjects\\CS499APP\\app\\build\\intermediates\\exploded-aar\\com.android.support\\appcompat-v7\\24.1.1\\res\\values-nb\\values-nb.xml",
                    "position": {
                        "startLine": 15,
                        "startColumn": 4,
                        "startOffset": 1339,
                        "endColumn": 95,
                        "endOffset": 1430
                    }
                }
            },
            {
                "to": {
                    "startLine": 16,
                    "startColumn": 4,
                    "startOffset": 1485,
                    "endColumn": 103,
                    "endOffset": 1584
                },
                "from": {
                    "file": "C:\\Users\\Ming\\AndroidStudioProjects\\CS499APP\\app\\build\\intermediates\\exploded-aar\\com.android.support\\appcompat-v7\\24.1.1\\res\\values-nb\\values-nb.xml",
                    "position": {
                        "startLine": 16,
                        "startColumn": 4,
                        "startOffset": 1435,
                        "endColumn": 103,
                        "endOffset": 1534
                    }
                }
            },
            {
                "to": {
                    "startLine": 17,
                    "startColumn": 4,
                    "startOffset": 1589,
                    "endColumn": 97,
                    "endOffset": 1682
                },
                "from": {
                    "file": "C:\\Users\\Ming\\AndroidStudioProjects\\CS499APP\\app\\build\\intermediates\\exploded-aar\\com.android.support\\appcompat-v7\\24.1.1\\res\\values-nb\\values-nb.xml",
                    "position": {
                        "startLine": 17,
                        "startColumn": 4,
                        "startOffset": 1539,
                        "endColumn": 97,
                        "endOffset": 1632
                    }
                }
            },
            {
                "to": {
                    "startLine": 18,
                    "startColumn": 4,
                    "startOffset": 1687,
                    "endColumn": 100,
                    "endOffset": 1783
                },
                "from": {
                    "file": "C:\\Users\\Ming\\AndroidStudioProjects\\CS499APP\\app\\build\\intermediates\\exploded-aar\\com.android.support\\appcompat-v7\\24.1.1\\res\\values-nb\\values-nb.xml",
                    "position": {
                        "startLine": 18,
                        "startColumn": 4,
                        "startOffset": 1637,
                        "endColumn": 100,
                        "endOffset": 1733
                    }
                }
            },
            {
                "to": {
                    "startLine": 19,
                    "startColumn": 4,
                    "startOffset": 1788,
                    "endColumn": 115,
                    "endOffset": 1899
                },
                "from": {
                    "file": "C:\\Users\\Ming\\AndroidStudioProjects\\CS499APP\\app\\build\\intermediates\\exploded-aar\\com.android.support\\appcompat-v7\\24.1.1\\res\\values-nb\\values-nb.xml",
                    "position": {
                        "startLine": 19,
                        "startColumn": 4,
                        "startOffset": 1738,
                        "endColumn": 115,
                        "endOffset": 1849
                    }
                }
            },
            {
                "to": {
                    "startLine": 20,
                    "startColumn": 4,
                    "startOffset": 1904,
                    "endColumn": 96,
                    "endOffset": 1996
                },
                "from": {
                    "file": "C:\\Users\\Ming\\AndroidStudioProjects\\CS499APP\\app\\build\\intermediates\\exploded-aar\\com.android.support\\appcompat-v7\\24.1.1\\res\\values-nb\\values-nb.xml",
                    "position": {
                        "startLine": 20,
                        "startColumn": 4,
                        "startOffset": 1854,
                        "endColumn": 96,
                        "endOffset": 1946
                    }
                }
            },
            {
                "to": {
                    "startLine": 21,
                    "startColumn": 4,
                    "startOffset": 2001,
                    "endColumn": 79,
                    "endOffset": 2076
                },
                "from": {
                    "file": "C:\\Users\\Ming\\AndroidStudioProjects\\CS499APP\\app\\build\\intermediates\\exploded-aar\\com.google.android.gms\\play-services-cast-framework\\9.8.0\\res\\values-nb\\values.xml",
                    "position": {
                        "startLine": 4,
                        "startColumn": 0,
                        "startOffset": 298,
                        "endColumn": 75,
                        "endOffset": 373
                    }
                }
            },
            {
                "to": {
                    "startLine": 22,
                    "startColumn": 4,
                    "startOffset": 2081,
                    "endColumn": 95,
                    "endOffset": 2172
                },
                "from": {
                    "file": "C:\\Users\\Ming\\AndroidStudioProjects\\CS499APP\\app\\build\\intermediates\\exploded-aar\\com.google.android.gms\\play-services-cast-framework\\9.8.0\\res\\values-nb\\values.xml",
                    "position": {
                        "startLine": 5,
                        "startColumn": 0,
                        "startOffset": 374,
                        "endColumn": 91,
                        "endOffset": 465
                    }
                }
            },
            {
                "to": {
                    "startLine": 23,
                    "startColumn": 4,
                    "startOffset": 2177,
                    "endColumn": 106,
                    "endOffset": 2279
                },
                "from": {
                    "file": "C:\\Users\\Ming\\AndroidStudioProjects\\CS499APP\\app\\build\\intermediates\\exploded-aar\\com.google.android.gms\\play-services-cast-framework\\9.8.0\\res\\values-nb\\values.xml",
                    "position": {
                        "startLine": 6,
                        "startColumn": 0,
                        "startOffset": 466,
                        "endColumn": 102,
                        "endOffset": 568
                    }
                }
            },
            {
                "to": {
                    "startLine": 24,
                    "startColumn": 4,
                    "startOffset": 2284,
                    "endColumn": 139,
                    "endOffset": 2419
                },
                "from": {
                    "file": "C:\\Users\\Ming\\AndroidStudioProjects\\CS499APP\\app\\build\\intermediates\\exploded-aar\\com.google.android.gms\\play-services-cast-framework\\9.8.0\\res\\values-nb\\values.xml",
                    "position": {
                        "startLine": 7,
                        "startColumn": 0,
                        "startOffset": 569,
                        "endColumn": 135,
                        "endOffset": 704
                    }
                }
            },
            {
                "to": {
                    "startLine": 25,
                    "startColumn": 4,
                    "startOffset": 2424,
                    "endColumn": 83,
                    "endOffset": 2503
                },
                "from": {
                    "file": "C:\\Users\\Ming\\AndroidStudioProjects\\CS499APP\\app\\build\\intermediates\\exploded-aar\\com.google.android.gms\\play-services-cast-framework\\9.8.0\\res\\values-nb\\values.xml",
                    "position": {
                        "startLine": 8,
                        "startColumn": 0,
                        "startOffset": 705,
                        "endColumn": 79,
                        "endOffset": 784
                    }
                }
            },
            {
                "to": {
                    "startLine": 26,
                    "startColumn": 4,
                    "startOffset": 2508,
                    "endColumn": 113,
                    "endOffset": 2617
                },
                "from": {
                    "file": "C:\\Users\\Ming\\AndroidStudioProjects\\CS499APP\\app\\build\\intermediates\\exploded-aar\\com.google.android.gms\\play-services-cast-framework\\9.8.0\\res\\values-nb\\values.xml",
                    "position": {
                        "startLine": 9,
                        "startColumn": 0,
                        "startOffset": 785,
                        "endColumn": 109,
                        "endOffset": 894
                    }
                }
            },
            {
                "to": {
                    "startLine": 27,
                    "startColumn": 4,
                    "startOffset": 2622,
                    "endColumn": 112,
                    "endOffset": 2730
                },
                "from": {
                    "file": "C:\\Users\\Ming\\AndroidStudioProjects\\CS499APP\\app\\build\\intermediates\\exploded-aar\\com.google.android.gms\\play-services-cast-framework\\9.8.0\\res\\values-nb\\values.xml",
                    "position": {
                        "startLine": 10,
                        "startColumn": 0,
                        "startOffset": 895,
                        "endColumn": 108,
                        "endOffset": 1003
                    }
                }
            },
            {
                "to": {
                    "startLine": 28,
                    "startColumn": 4,
                    "startOffset": 2735,
                    "endColumn": 119,
                    "endOffset": 2850
                },
                "from": {
                    "file": "C:\\Users\\Ming\\AndroidStudioProjects\\CS499APP\\app\\build\\intermediates\\exploded-aar\\com.google.android.gms\\play-services-cast-framework\\9.8.0\\res\\values-nb\\values.xml",
                    "position": {
                        "startLine": 11,
                        "startColumn": 0,
                        "startOffset": 1004,
                        "endColumn": 115,
                        "endOffset": 1119
                    }
                }
            },
            {
                "to": {
                    "startLine": 29,
                    "startColumn": 4,
                    "startOffset": 2855,
                    "endColumn": 103,
                    "endOffset": 2954
                },
                "from": {
                    "file": "C:\\Users\\Ming\\AndroidStudioProjects\\CS499APP\\app\\build\\intermediates\\exploded-aar\\com.google.android.gms\\play-services-cast-framework\\9.8.0\\res\\values-nb\\values.xml",
                    "position": {
                        "startLine": 12,
                        "startColumn": 0,
                        "startOffset": 1120,
                        "endColumn": 99,
                        "endOffset": 1219
                    }
                }
            },
            {
                "to": {
                    "startLine": 30,
                    "startColumn": 4,
                    "startOffset": 2959,
                    "endColumn": 106,
                    "endOffset": 3061
                },
                "from": {
                    "file": "C:\\Users\\Ming\\AndroidStudioProjects\\CS499APP\\app\\build\\intermediates\\exploded-aar\\com.google.android.gms\\play-services-cast-framework\\9.8.0\\res\\values-nb\\values.xml",
                    "position": {
                        "startLine": 13,
                        "startColumn": 0,
                        "startOffset": 1220,
                        "endColumn": 102,
                        "endOffset": 1322
                    }
                }
            },
            {
                "to": {
                    "startLine": 31,
                    "startColumn": 4,
                    "startOffset": 3066,
                    "endColumn": 80,
                    "endOffset": 3142
                },
                "from": {
                    "file": "C:\\Users\\Ming\\AndroidStudioProjects\\CS499APP\\app\\build\\intermediates\\exploded-aar\\com.google.android.gms\\play-services-cast-framework\\9.8.0\\res\\values-nb\\values.xml",
                    "position": {
                        "startLine": 14,
                        "startColumn": 0,
                        "startOffset": 1323,
                        "endColumn": 76,
                        "endOffset": 1399
                    }
                }
            },
            {
                "to": {
                    "startLine": 32,
                    "startColumn": 4,
                    "startOffset": 3147,
                    "endColumn": 95,
                    "endOffset": 3238
                },
                "from": {
                    "file": "C:\\Users\\Ming\\AndroidStudioProjects\\CS499APP\\app\\build\\intermediates\\exploded-aar\\com.google.android.gms\\play-services-cast-framework\\9.8.0\\res\\values-nb\\values.xml",
                    "position": {
                        "startLine": 15,
                        "startColumn": 0,
                        "startOffset": 1400,
                        "endColumn": 91,
                        "endOffset": 1491
                    }
                }
            },
            {
                "to": {
                    "startLine": 33,
                    "startColumn": 4,
                    "startOffset": 3243,
                    "endColumn": 95,
                    "endOffset": 3334
                },
                "from": {
                    "file": "C:\\Users\\Ming\\AndroidStudioProjects\\CS499APP\\app\\build\\intermediates\\exploded-aar\\com.google.android.gms\\play-services-cast-framework\\9.8.0\\res\\values-nb\\values.xml",
                    "position": {
                        "startLine": 16,
                        "startColumn": 0,
                        "startOffset": 1492,
                        "endColumn": 91,
                        "endOffset": 1583
                    }
                }
            },
            {
                "to": {
                    "startLine": 34,
                    "startColumn": 4,
                    "startOffset": 3339,
                    "endColumn": 107,
                    "endOffset": 3442
                },
                "from": {
                    "file": "C:\\Users\\Ming\\AndroidStudioProjects\\CS499APP\\app\\build\\intermediates\\exploded-aar\\com.google.android.gms\\play-services-cast-framework\\9.8.0\\res\\values-nb\\values.xml",
                    "position": {
                        "startLine": 17,
                        "startColumn": 0,
                        "startOffset": 1584,
                        "endColumn": 103,
                        "endOffset": 1687
                    }
                }
            },
            {
                "to": {
                    "startLine": 35,
                    "startColumn": 4,
                    "startOffset": 3447,
                    "endColumn": 80,
                    "endOffset": 3523
                },
                "from": {
                    "file": "C:\\Users\\Ming\\AndroidStudioProjects\\CS499APP\\app\\build\\intermediates\\exploded-aar\\com.google.android.gms\\play-services-cast-framework\\9.8.0\\res\\values-nb\\values.xml",
                    "position": {
                        "startLine": 18,
                        "startColumn": 0,
                        "startOffset": 1688,
                        "endColumn": 76,
                        "endOffset": 1764
                    }
                }
            },
            {
                "to": {
                    "startLine": 36,
                    "startColumn": 4,
                    "startOffset": 3528,
                    "endColumn": 134,
                    "endOffset": 3658
                },
                "from": {
                    "file": "C:\\Users\\Ming\\AndroidStudioProjects\\CS499APP\\app\\build\\intermediates\\exploded-aar\\com.google.android.gms\\play-services-cast\\9.8.0\\res\\values-nb\\values.xml",
                    "position": {
                        "startLine": 4,
                        "startColumn": 0,
                        "startOffset": 288,
                        "endColumn": 134,
                        "endOffset": 422
                    }
                }
            },
            {
                "to": {
                    "startLine": 37,
                    "startColumn": 4,
                    "startOffset": 3663,
                    "endColumn": 135,
                    "endOffset": 3794
                },
                "from": {
                    "file": "C:\\Users\\Ming\\AndroidStudioProjects\\CS499APP\\app\\build\\intermediates\\exploded-aar\\com.google.android.gms\\play-services-cast\\9.8.0\\res\\values-nb\\values.xml",
                    "position": {
                        "startLine": 5,
                        "startColumn": 0,
                        "startOffset": 423,
                        "endColumn": 135,
                        "endOffset": 558
                    }
                }
            },
            {
                "to": {
                    "startLine": 38,
                    "startColumn": 4,
                    "startOffset": 3799,
                    "endColumn": 96,
                    "endOffset": 3891
                },
                "from": {
                    "file": "C:\\Users\\Ming\\AndroidStudioProjects\\CS499APP\\app\\build\\intermediates\\exploded-aar\\com.google.android.gms\\play-services-cast\\9.8.0\\res\\values-nb\\values.xml",
                    "position": {
                        "startLine": 6,
                        "startColumn": 0,
                        "startOffset": 559,
                        "endColumn": 92,
                        "endOffset": 651
                    }
                }
            },
            {
                "to": {
                    "startLine": 39,
                    "startColumn": 4,
                    "startOffset": 3896,
                    "endColumn": 82,
                    "endOffset": 3974
                },
                "from": {
                    "file": "C:\\Users\\Ming\\AndroidStudioProjects\\CS499APP\\app\\build\\intermediates\\exploded-aar\\com.google.android.gms\\play-services-cast-framework\\9.8.0\\res\\values-nb\\values.xml",
                    "position": {
                        "startLine": 19,
                        "startColumn": 0,
                        "startOffset": 1765,
                        "endColumn": 78,
                        "endOffset": 1843
                    }
                }
            },
            {
                "to": {
                    "startLine": 40,
                    "startColumn": 4,
                    "startOffset": 3979,
                    "endColumn": 76,
                    "endOffset": 4051
                },
                "from": {
                    "file": "C:\\Users\\Ming\\AndroidStudioProjects\\CS499APP\\app\\build\\intermediates\\exploded-aar\\com.google.android.gms\\play-services-cast-framework\\9.8.0\\res\\values-nb\\values.xml",
                    "position": {
                        "startLine": 20,
                        "startColumn": 0,
                        "startOffset": 1844,
                        "endColumn": 72,
                        "endOffset": 1916
                    }
                }
            },
            {
                "to": {
                    "startLine": 41,
                    "startColumn": 4,
                    "startOffset": 4056,
                    "endColumn": 82,
                    "endOffset": 4134
                },
                "from": {
                    "file": "C:\\Users\\Ming\\AndroidStudioProjects\\CS499APP\\app\\build\\intermediates\\exploded-aar\\com.google.android.gms\\play-services-cast-framework\\9.8.0\\res\\values-nb\\values.xml",
                    "position": {
                        "startLine": 21,
                        "startColumn": 0,
                        "startOffset": 1917,
                        "endColumn": 78,
                        "endOffset": 1995
                    }
                }
            },
            {
                "to": {
                    "startLine": 42,
                    "startColumn": 4,
                    "startOffset": 4139,
                    "endColumn": 97,
                    "endOffset": 4232
                },
                "from": {
                    "file": "C:\\Users\\Ming\\AndroidStudioProjects\\CS499APP\\app\\build\\intermediates\\exploded-aar\\com.google.android.gms\\play-services-cast-framework\\9.8.0\\res\\values-nb\\values.xml",
                    "position": {
                        "startLine": 22,
                        "startColumn": 0,
                        "startOffset": 1996,
                        "endColumn": 93,
                        "endOffset": 2089
                    }
                }
            },
            {
                "to": {
                    "startLine": 43,
                    "startColumn": 4,
                    "startOffset": 4237,
                    "endColumn": 97,
                    "endOffset": 4330
                },
                "from": {
                    "file": "C:\\Users\\Ming\\AndroidStudioProjects\\CS499APP\\app\\build\\intermediates\\exploded-aar\\com.google.android.gms\\play-services-cast-framework\\9.8.0\\res\\values-nb\\values.xml",
                    "position": {
                        "startLine": 23,
                        "startColumn": 0,
                        "startOffset": 2090,
                        "endColumn": 93,
                        "endOffset": 2183
                    }
                }
            },
            {
                "to": {
                    "startLine": 44,
                    "startColumn": 4,
                    "startOffset": 4335,
                    "endColumn": 98,
                    "endOffset": 4429
                },
                "from": {
                    "file": "C:\\Users\\Ming\\AndroidStudioProjects\\CS499APP\\app\\build\\intermediates\\exploded-aar\\com.google.android.gms\\play-services-cast-framework\\9.8.0\\res\\values-nb\\values.xml",
                    "position": {
                        "startLine": 24,
                        "startColumn": 0,
                        "startOffset": 2184,
                        "endColumn": 94,
                        "endOffset": 2278
                    }
                }
            },
            {
                "to": {
                    "startLine": 45,
                    "startColumn": 4,
                    "startOffset": 4434,
                    "endColumn": 106,
                    "endOffset": 4536
                },
                "from": {
                    "file": "C:\\Users\\Ming\\AndroidStudioProjects\\CS499APP\\app\\build\\intermediates\\exploded-aar\\com.google.android.gms\\play-services-cast-framework\\9.8.0\\res\\values-nb\\values.xml",
                    "position": {
                        "startLine": 25,
                        "startColumn": 0,
                        "startOffset": 2279,
                        "endColumn": 102,
                        "endOffset": 2381
                    }
                }
            },
            {
                "to": {
                    "startLine": 46,
                    "startColumn": 4,
                    "startOffset": 4541,
                    "endColumn": 109,
                    "endOffset": 4646
                },
                "from": {
                    "file": "C:\\Users\\Ming\\AndroidStudioProjects\\CS499APP\\app\\build\\intermediates\\exploded-aar\\com.google.android.gms\\play-services-cast-framework\\9.8.0\\res\\values-nb\\values.xml",
                    "position": {
                        "startLine": 26,
                        "startColumn": 0,
                        "startOffset": 2382,
                        "endColumn": 105,
                        "endOffset": 2487
                    }
                }
            },
            {
                "to": {
                    "startLine": 47,
                    "startColumn": 4,
                    "startOffset": 4651,
                    "endColumn": 73,
                    "endOffset": 4720
                },
                "from": {
                    "file": "C:\\Users\\Ming\\AndroidStudioProjects\\CS499APP\\app\\build\\intermediates\\exploded-aar\\com.google.android.gms\\play-services-cast-framework\\9.8.0\\res\\values-nb\\values.xml",
                    "position": {
                        "startLine": 27,
                        "startColumn": 0,
                        "startOffset": 2488,
                        "endColumn": 69,
                        "endOffset": 2557
                    }
                }
            },
            {
                "to": {
                    "startLine": 48,
                    "startColumn": 4,
                    "startOffset": 4725,
                    "endColumn": 102,
                    "endOffset": 4823
                },
                "from": {
                    "file": "C:\\Users\\Ming\\AndroidStudioProjects\\CS499APP\\app\\build\\intermediates\\exploded-aar\\com.google.android.gms\\play-services-cast-framework\\9.8.0\\res\\values-nb\\values.xml",
                    "position": {
                        "startLine": 28,
                        "startColumn": 0,
                        "startOffset": 2558,
                        "endColumn": 98,
                        "endOffset": 2656
                    }
                }
            },
            {
                "to": {
                    "startLine": 49,
                    "startColumn": 4,
                    "startOffset": 4828,
                    "endColumn": 94,
                    "endOffset": 4918
                },
                "from": {
                    "file": "C:\\Users\\Ming\\AndroidStudioProjects\\CS499APP\\app\\build\\intermediates\\exploded-aar\\com.google.android.gms\\play-services-cast-framework\\9.8.0\\res\\values-nb\\values.xml",
                    "position": {
                        "startLine": 29,
                        "startColumn": 0,
                        "startOffset": 2657,
                        "endColumn": 90,
                        "endOffset": 2747
                    }
                }
            },
            {
                "to": {
                    "startLine": 50,
                    "startColumn": 4,
                    "startOffset": 4923,
                    "endColumn": 98,
                    "endOffset": 5017
                },
                "from": {
                    "file": "C:\\Users\\Ming\\AndroidStudioProjects\\CS499APP\\app\\build\\intermediates\\exploded-aar\\com.google.android.gms\\play-services-cast-framework\\9.8.0\\res\\values-nb\\values.xml",
                    "position": {
                        "startLine": 30,
                        "startColumn": 0,
                        "startOffset": 2748,
                        "endColumn": 94,
                        "endOffset": 2842
                    }
                }
            },
            {
                "to": {
                    "startLine": 51,
                    "startColumn": 4,
                    "startOffset": 5022,
                    "endColumn": 142,
                    "endOffset": 5160
                },
                "from": {
                    "file": "C:\\Users\\Ming\\AndroidStudioProjects\\CS499APP\\app\\build\\intermediates\\exploded-aar\\com.google.android.gms\\play-services-cast-framework\\9.8.0\\res\\values-nb\\values.xml",
                    "position": {
                        "startLine": 31,
                        "startColumn": 0,
                        "startOffset": 2843,
                        "endColumn": 142,
                        "endOffset": 2985
                    }
                }
            },
            {
                "to": {
                    "startLine": 52,
                    "startColumn": 4,
                    "startOffset": 5165,
                    "endColumn": 130,
                    "endOffset": 5291
                },
                "from": {
                    "file": "C:\\Users\\Ming\\AndroidStudioProjects\\CS499APP\\app\\build\\intermediates\\exploded-aar\\com.google.android.gms\\play-services-cast-framework\\9.8.0\\res\\values-nb\\values.xml",
                    "position": {
                        "startLine": 32,
                        "startColumn": 0,
                        "startOffset": 2986,
                        "endColumn": 126,
                        "endOffset": 3112
                    }
                }
            },
            {
                "to": {
                    "startLine": 53,
                    "startColumn": 4,
                    "startOffset": 5296,
                    "endColumn": 131,
                    "endOffset": 5423
                },
                "from": {
                    "file": "C:\\Users\\Ming\\AndroidStudioProjects\\CS499APP\\app\\build\\intermediates\\exploded-aar\\com.google.android.gms\\play-services-cast-framework\\9.8.0\\res\\values-nb\\values.xml",
                    "position": {
                        "startLine": 33,
                        "startColumn": 0,
                        "startOffset": 3113,
                        "endColumn": 127,
                        "endOffset": 3240
                    }
                }
            },
            {
                "to": {
                    "startLine": 54,
                    "startColumn": 4,
                    "startOffset": 5428,
                    "endColumn": 95,
                    "endOffset": 5519
                },
                "from": {
                    "file": "C:\\Users\\Ming\\AndroidStudioProjects\\CS499APP\\app\\build\\intermediates\\exploded-aar\\com.google.android.gms\\play-services-cast-framework\\9.8.0\\res\\values-nb\\values.xml",
                    "position": {
                        "startLine": 34,
                        "startColumn": 0,
                        "startOffset": 3241,
                        "endColumn": 91,
                        "endOffset": 3332
                    }
                }
            },
            {
                "to": {
                    "startLine": 55,
                    "startColumn": 4,
                    "startOffset": 5524,
                    "endColumn": 90,
                    "endOffset": 5610
                },
                "from": {
                    "file": "C:\\Users\\Ming\\AndroidStudioProjects\\CS499APP\\app\\build\\intermediates\\exploded-aar\\com.google.android.gms\\play-services-cast-framework\\9.8.0\\res\\values-nb\\values.xml",
                    "position": {
                        "startLine": 35,
                        "startColumn": 0,
                        "startOffset": 3333,
                        "endColumn": 86,
                        "endOffset": 3419
                    }
                }
            },
            {
                "to": {
                    "startLine": 56,
                    "startColumn": 4,
                    "startOffset": 5615,
                    "endColumn": 107,
                    "endOffset": 5718
                },
                "from": {
                    "file": "C:\\Users\\Ming\\AndroidStudioProjects\\CS499APP\\app\\build\\intermediates\\exploded-aar\\com.google.android.gms\\play-services-cast-framework\\9.8.0\\res\\values-nb\\values.xml",
                    "position": {
                        "startLine": 36,
                        "startColumn": 0,
                        "startOffset": 3420,
                        "endColumn": 103,
                        "endOffset": 3523
                    }
                }
            },
            {
                "to": {
                    "startLine": 57,
                    "startColumn": 4,
                    "startOffset": 5723,
                    "endColumn": 82,
                    "endOffset": 5801
                },
                "from": {
                    "file": "C:\\Users\\Ming\\AndroidStudioProjects\\CS499APP\\app\\build\\intermediates\\exploded-aar\\com.google.android.gms\\play-services-cast-framework\\9.8.0\\res\\values-nb\\values.xml",
                    "position": {
                        "startLine": 37,
                        "startColumn": 0,
                        "startOffset": 3524,
                        "endColumn": 78,
                        "endOffset": 3602
                    }
                }
            },
            {
                "to": {
                    "startLine": 58,
                    "startColumn": 4,
                    "startOffset": 5806,
                    "endColumn": 106,
                    "endOffset": 5908
                },
                "from": {
                    "file": "C:\\Users\\Ming\\AndroidStudioProjects\\CS499APP\\app\\build\\intermediates\\exploded-aar\\com.google.android.gms\\play-services-base\\9.8.0\\res\\values-nb\\values.xml",
                    "position": {
                        "startLine": 4,
                        "startColumn": 0,
                        "startOffset": 283,
                        "endColumn": 102,
                        "endOffset": 385
                    }
                }
            },
            {
                "to": {
                    "startLine": 59,
                    "startColumn": 4,
                    "startOffset": 5913,
                    "endColumn": 190,
                    "endOffset": 6099
                },
                "from": {
                    "file": "C:\\Users\\Ming\\AndroidStudioProjects\\CS499APP\\app\\build\\intermediates\\exploded-aar\\com.google.android.gms\\play-services-base\\9.8.0\\res\\values-nb\\values.xml",
                    "position": {
                        "startLine": 5,
                        "startColumn": 0,
                        "startOffset": 386,
                        "endColumn": 190,
                        "endOffset": 576
                    }
                }
            },
            {
                "to": {
                    "startLine": 60,
                    "startColumn": 4,
                    "startOffset": 6104,
                    "endColumn": 127,
                    "endOffset": 6227
                },
                "from": {
                    "file": "C:\\Users\\Ming\\AndroidStudioProjects\\CS499APP\\app\\build\\intermediates\\exploded-aar\\com.google.android.gms\\play-services-base\\9.8.0\\res\\values-nb\\values.xml",
                    "position": {
                        "startLine": 6,
                        "startColumn": 0,
                        "startOffset": 577,
                        "endColumn": 123,
                        "endOffset": 700
                    }
                }
            },
            {
                "to": {
                    "startLine": 61,
                    "startColumn": 4,
                    "startOffset": 6232,
                    "endColumn": 110,
                    "endOffset": 6338
                },
                "from": {
                    "file": "C:\\Users\\Ming\\AndroidStudioProjects\\CS499APP\\app\\build\\intermediates\\exploded-aar\\com.google.android.gms\\play-services-base\\9.8.0\\res\\values-nb\\values.xml",
                    "position": {
                        "startLine": 7,
                        "startColumn": 0,
                        "startOffset": 701,
                        "endColumn": 106,
                        "endOffset": 807
                    }
                }
            },
            {
                "to": {
                    "startLine": 62,
                    "startColumn": 4,
                    "startOffset": 6343,
                    "endColumn": 214,
                    "endOffset": 6553
                },
                "from": {
                    "file": "C:\\Users\\Ming\\AndroidStudioProjects\\CS499APP\\app\\build\\intermediates\\exploded-aar\\com.google.android.gms\\play-services-base\\9.8.0\\res\\values-nb\\values.xml",
                    "position": {
                        "startLine": 8,
                        "startColumn": 0,
                        "startOffset": 808,
                        "endColumn": 214,
                        "endOffset": 1022
                    }
                }
            },
            {
                "to": {
                    "startLine": 63,
                    "startColumn": 4,
                    "startOffset": 6558,
                    "endColumn": 131,
                    "endOffset": 6685
                },
                "from": {
                    "file": "C:\\Users\\Ming\\AndroidStudioProjects\\CS499APP\\app\\build\\intermediates\\exploded-aar\\com.google.android.gms\\play-services-base\\9.8.0\\res\\values-nb\\values.xml",
                    "position": {
                        "startLine": 9,
                        "startColumn": 0,
                        "startOffset": 1023,
                        "endColumn": 127,
                        "endOffset": 1150
                    }
                }
            },
            {
                "to": {
                    "startLine": 64,
                    "startColumn": 4,
                    "startOffset": 6690,
                    "endColumn": 131,
                    "endOffset": 6817
                },
                "from": {
                    "file": "C:\\Users\\Ming\\AndroidStudioProjects\\CS499APP\\app\\build\\intermediates\\exploded-aar\\com.google.android.gms\\play-services-base\\9.8.0\\res\\values-nb\\values.xml",
                    "position": {
                        "startLine": 10,
                        "startColumn": 0,
                        "startOffset": 1151,
                        "endColumn": 127,
                        "endOffset": 1278
                    }
                }
            },
            {
                "to": {
                    "startLine": 65,
                    "startColumn": 4,
                    "startOffset": 6822,
                    "endColumn": 188,
                    "endOffset": 7006
                },
                "from": {
                    "file": "C:\\Users\\Ming\\AndroidStudioProjects\\CS499APP\\app\\build\\intermediates\\exploded-aar\\com.google.android.gms\\play-services-basement\\9.8.0\\res\\values-nb\\values.xml",
                    "position": {
                        "startLine": 4,
                        "startColumn": 0,
                        "startOffset": 285,
                        "endColumn": 188,
                        "endOffset": 473
                    }
                }
            },
            {
                "to": {
                    "startLine": 66,
                    "startColumn": 4,
                    "startOffset": 7011,
                    "endColumn": 212,
                    "endOffset": 7219
                },
                "from": {
                    "file": "C:\\Users\\Ming\\AndroidStudioProjects\\CS499APP\\app\\build\\intermediates\\exploded-aar\\com.google.android.gms\\play-services-base\\9.8.0\\res\\values-nb\\values.xml",
                    "position": {
                        "startLine": 11,
                        "startColumn": 0,
                        "startOffset": 1279,
                        "endColumn": 212,
                        "endOffset": 1491
                    }
                }
            },
            {
                "to": {
                    "startLine": 67,
                    "startColumn": 4,
                    "startOffset": 7224,
                    "endColumn": 108,
                    "endOffset": 7328
                },
                "from": {
                    "file": "C:\\Users\\Ming\\AndroidStudioProjects\\CS499APP\\app\\build\\intermediates\\exploded-aar\\com.google.android.gms\\play-services-base\\9.8.0\\res\\values-nb\\values.xml",
                    "position": {
                        "startLine": 12,
                        "startColumn": 0,
                        "startOffset": 1492,
                        "endColumn": 104,
                        "endOffset": 1596
                    }
                }
            },
            {
                "to": {
                    "startLine": 68,
                    "startColumn": 4,
                    "startOffset": 7333,
                    "endColumn": 191,
                    "endOffset": 7520
                },
                "from": {
                    "file": "C:\\Users\\Ming\\AndroidStudioProjects\\CS499APP\\app\\build\\intermediates\\exploded-aar\\com.google.android.gms\\play-services-base\\9.8.0\\res\\values-nb\\values.xml",
                    "position": {
                        "startLine": 13,
                        "startColumn": 0,
                        "startOffset": 1597,
                        "endColumn": 191,
                        "endOffset": 1788
                    }
                }
            },
            {
                "to": {
                    "startLine": 69,
                    "startColumn": 4,
                    "startOffset": 7525,
                    "endColumn": 129,
                    "endOffset": 7650
                },
                "from": {
                    "file": "C:\\Users\\Ming\\AndroidStudioProjects\\CS499APP\\app\\build\\intermediates\\exploded-aar\\com.google.android.gms\\play-services-base\\9.8.0\\res\\values-nb\\values.xml",
                    "position": {
                        "startLine": 14,
                        "startColumn": 0,
                        "startOffset": 1789,
                        "endColumn": 125,
                        "endOffset": 1914
                    }
                }
            },
            {
                "to": {
                    "startLine": 70,
                    "startColumn": 4,
                    "startOffset": 7655,
                    "endColumn": 200,
                    "endOffset": 7851
                },
                "from": {
                    "file": "C:\\Users\\Ming\\AndroidStudioProjects\\CS499APP\\app\\build\\intermediates\\exploded-aar\\com.google.android.gms\\play-services-base\\9.8.0\\res\\values-nb\\values.xml",
                    "position": {
                        "startLine": 15,
                        "startColumn": 0,
                        "startOffset": 1915,
                        "endColumn": 200,
                        "endOffset": 2115
                    }
                }
            },
            {
                "to": {
                    "startLine": 71,
                    "startColumn": 4,
                    "startOffset": 7856,
                    "endColumn": 205,
                    "endOffset": 8057
                },
                "from": {
                    "file": "C:\\Users\\Ming\\AndroidStudioProjects\\CS499APP\\app\\build\\intermediates\\exploded-aar\\com.google.android.gms\\play-services-base\\9.8.0\\res\\values-nb\\values.xml",
                    "position": {
                        "startLine": 16,
                        "startColumn": 0,
                        "startOffset": 2116,
                        "endColumn": 201,
                        "endOffset": 2317
                    }
                }
            },
            {
                "to": {
                    "startLine": 72,
                    "startColumn": 4,
                    "startOffset": 8062,
                    "endColumn": 96,
                    "endOffset": 8154
                },
                "from": {
                    "file": "C:\\Users\\Ming\\AndroidStudioProjects\\CS499APP\\app\\build\\intermediates\\exploded-aar\\com.google.android.gms\\play-services-base\\9.8.0\\res\\values-nb\\values.xml",
                    "position": {
                        "startLine": 17,
                        "startColumn": 0,
                        "startOffset": 2318,
                        "endColumn": 92,
                        "endOffset": 2410
                    }
                }
            },
            {
                "to": {
                    "startLine": 73,
                    "startColumn": 4,
                    "startOffset": 8159,
                    "endColumn": 91,
                    "endOffset": 8246
                },
                "from": {
                    "file": "C:\\Users\\Ming\\AndroidStudioProjects\\CS499APP\\app\\build\\intermediates\\exploded-aar\\com.google.android.gms\\play-services-base\\9.8.0\\res\\values-nb\\values.xml",
                    "position": {
                        "startLine": 18,
                        "startColumn": 0,
                        "startOffset": 2411,
                        "endColumn": 87,
                        "endOffset": 2498
                    }
                }
            },
            {
                "to": {
                    "startLine": 74,
                    "startColumn": 4,
                    "startOffset": 8251,
                    "endColumn": 106,
                    "endOffset": 8353
                },
                "from": {
                    "file": "C:\\Users\\Ming\\AndroidStudioProjects\\CS499APP\\app\\build\\intermediates\\exploded-aar\\com.google.android.gms\\play-services-base\\9.8.0\\res\\values-nb\\values.xml",
                    "position": {
                        "startLine": 19,
                        "startColumn": 0,
                        "startOffset": 2499,
                        "endColumn": 102,
                        "endOffset": 2601
                    }
                }
            },
            {
                "to": {
                    "startLine": 75,
                    "startColumn": 4,
                    "startOffset": 8358,
                    "endColumn": 99,
                    "endOffset": 8453
                },
                "from": {
                    "file": "C:\\Users\\Ming\\AndroidStudioProjects\\CS499APP\\app\\build\\intermediates\\exploded-aar\\com.android.support\\mediarouter-v7\\24.0.0\\res\\values-nb\\values-nb.xml",
                    "position": {
                        "startLine": 2,
                        "startColumn": 4,
                        "startOffset": 55,
                        "endColumn": 99,
                        "endOffset": 150
                    }
                }
            },
            {
                "to": {
                    "startLine": 76,
                    "startColumn": 4,
                    "startOffset": 8458,
                    "endColumn": 93,
                    "endOffset": 8547
                },
                "from": {
                    "file": "C:\\Users\\Ming\\AndroidStudioProjects\\CS499APP\\app\\build\\intermediates\\exploded-aar\\com.android.support\\mediarouter-v7\\24.0.0\\res\\values-nb\\values-nb.xml",
                    "position": {
                        "startLine": 3,
                        "startColumn": 4,
                        "startOffset": 155,
                        "endColumn": 93,
                        "endOffset": 244
                    }
                }
            },
            {
                "to": {
                    "startLine": 77,
                    "startColumn": 4,
                    "startOffset": 8552,
                    "endColumn": 82,
                    "endOffset": 8630
                },
                "from": {
                    "file": "C:\\Users\\Ming\\AndroidStudioProjects\\CS499APP\\app\\build\\intermediates\\exploded-aar\\com.android.support\\mediarouter-v7\\24.0.0\\res\\values-nb\\values-nb.xml",
                    "position": {
                        "startLine": 4,
                        "startColumn": 4,
                        "startOffset": 249,
                        "endColumn": 82,
                        "endOffset": 327
                    }
                }
            },
            {
                "to": {
                    "startLine": 78,
                    "startColumn": 4,
                    "startOffset": 8635,
                    "endColumn": 94,
                    "endOffset": 8725
                },
                "from": {
                    "file": "C:\\Users\\Ming\\AndroidStudioProjects\\CS499APP\\app\\build\\intermediates\\exploded-aar\\com.android.support\\mediarouter-v7\\24.0.0\\res\\values-nb\\values-nb.xml",
                    "position": {
                        "startLine": 5,
                        "startColumn": 4,
                        "startOffset": 332,
                        "endColumn": 94,
                        "endOffset": 422
                    }
                }
            },
            {
                "to": {
                    "startLine": 79,
                    "startColumn": 4,
                    "startOffset": 8730,
                    "endColumn": 102,
                    "endOffset": 8828
                },
                "from": {
                    "file": "C:\\Users\\Ming\\AndroidStudioProjects\\CS499APP\\app\\build\\intermediates\\exploded-aar\\com.android.support\\mediarouter-v7\\24.0.0\\res\\values-nb\\values-nb.xml",
                    "position": {
                        "startLine": 6,
                        "startColumn": 4,
                        "startOffset": 427,
                        "endColumn": 102,
                        "endOffset": 525
                    }
                }
            },
            {
                "to": {
                    "startLine": 80,
                    "startColumn": 4,
                    "startOffset": 8833,
                    "endColumn": 94,
                    "endOffset": 8923
                },
                "from": {
                    "file": "C:\\Users\\Ming\\AndroidStudioProjects\\CS499APP\\app\\build\\intermediates\\exploded-aar\\com.android.support\\mediarouter-v7\\24.0.0\\res\\values-nb\\values-nb.xml",
                    "position": {
                        "startLine": 7,
                        "startColumn": 4,
                        "startOffset": 530,
                        "endColumn": 94,
                        "endOffset": 620
                    }
                }
            },
            {
                "to": {
                    "startLine": 81,
                    "startColumn": 4,
                    "startOffset": 8928,
                    "endColumn": 92,
                    "endOffset": 9016
                },
                "from": {
                    "file": "C:\\Users\\Ming\\AndroidStudioProjects\\CS499APP\\app\\build\\intermediates\\exploded-aar\\com.android.support\\mediarouter-v7\\24.0.0\\res\\values-nb\\values-nb.xml",
                    "position": {
                        "startLine": 8,
                        "startColumn": 4,
                        "startOffset": 625,
                        "endColumn": 92,
                        "endOffset": 713
                    }
                }
            },
            {
                "to": {
                    "startLine": 82,
                    "startColumn": 4,
                    "startOffset": 9021,
                    "endColumn": 92,
                    "endOffset": 9109
                },
                "from": {
                    "file": "C:\\Users\\Ming\\AndroidStudioProjects\\CS499APP\\app\\build\\intermediates\\exploded-aar\\com.android.support\\mediarouter-v7\\24.0.0\\res\\values-nb\\values-nb.xml",
                    "position": {
                        "startLine": 9,
                        "startColumn": 4,
                        "startOffset": 718,
                        "endColumn": 92,
                        "endOffset": 806
                    }
                }
            },
            {
                "to": {
                    "startLine": 83,
                    "startColumn": 4,
                    "startOffset": 9114,
                    "endColumn": 90,
                    "endOffset": 9200
                },
                "from": {
                    "file": "C:\\Users\\Ming\\AndroidStudioProjects\\CS499APP\\app\\build\\intermediates\\exploded-aar\\com.android.support\\mediarouter-v7\\24.0.0\\res\\values-nb\\values-nb.xml",
                    "position": {
                        "startLine": 10,
                        "startColumn": 4,
                        "startOffset": 811,
                        "endColumn": 90,
                        "endOffset": 897
                    }
                }
            },
            {
                "to": {
                    "startLine": 84,
                    "startColumn": 4,
                    "startOffset": 9205,
                    "endColumn": 123,
                    "endOffset": 9324
                },
                "from": {
                    "file": "C:\\Users\\Ming\\AndroidStudioProjects\\CS499APP\\app\\build\\intermediates\\exploded-aar\\com.android.support\\mediarouter-v7\\24.0.0\\res\\values-nb\\values-nb.xml",
                    "position": {
                        "startLine": 11,
                        "startColumn": 4,
                        "startOffset": 902,
                        "endColumn": 123,
                        "endOffset": 1021
                    }
                }
            },
            {
                "to": {
                    "startLine": 85,
                    "startColumn": 4,
                    "startOffset": 9329,
                    "endColumn": 119,
                    "endOffset": 9444
                },
                "from": {
                    "file": "C:\\Users\\Ming\\AndroidStudioProjects\\CS499APP\\app\\build\\intermediates\\exploded-aar\\com.android.support\\mediarouter-v7\\24.0.0\\res\\values-nb\\values-nb.xml",
                    "position": {
                        "startLine": 12,
                        "startColumn": 4,
                        "startOffset": 1026,
                        "endColumn": 119,
                        "endOffset": 1141
                    }
                }
            },
            {
                "to": {
                    "startLine": 86,
                    "startColumn": 4,
                    "startOffset": 9449,
                    "endColumn": 91,
                    "endOffset": 9536
                },
                "from": {
                    "file": "C:\\Users\\Ming\\AndroidStudioProjects\\CS499APP\\app\\build\\intermediates\\exploded-aar\\com.android.support\\mediarouter-v7\\24.0.0\\res\\values-nb\\values-nb.xml",
                    "position": {
                        "startLine": 13,
                        "startColumn": 4,
                        "startOffset": 1146,
                        "endColumn": 91,
                        "endOffset": 1233
                    }
                }
            },
            {
                "to": {
                    "startLine": 87,
                    "startColumn": 4,
                    "startOffset": 9541,
                    "endColumn": 84,
                    "endOffset": 9621
                },
                "from": {
                    "file": "C:\\Users\\Ming\\AndroidStudioProjects\\CS499APP\\app\\build\\intermediates\\exploded-aar\\com.android.support\\mediarouter-v7\\24.0.0\\res\\values-nb\\values-nb.xml",
                    "position": {
                        "startLine": 14,
                        "startColumn": 4,
                        "startOffset": 1238,
                        "endColumn": 84,
                        "endOffset": 1318
                    }
                }
            },
            {
                "to": {
                    "startLine": 88,
                    "startColumn": 4,
                    "startOffset": 9626,
                    "endColumn": 92,
                    "endOffset": 9714
                },
                "from": {
                    "file": "C:\\Users\\Ming\\AndroidStudioProjects\\CS499APP\\app\\build\\intermediates\\exploded-aar\\com.android.support\\mediarouter-v7\\24.0.0\\res\\values-nb\\values-nb.xml",
                    "position": {
                        "startLine": 15,
                        "startColumn": 4,
                        "startOffset": 1323,
                        "endColumn": 92,
                        "endOffset": 1411
                    }
                }
            },
            {
                "to": {
                    "startLine": 89,
                    "startColumn": 4,
                    "startOffset": 9719,
                    "endColumn": 85,
                    "endOffset": 9800
                },
                "from": {
                    "file": "C:\\Users\\Ming\\AndroidStudioProjects\\CS499APP\\app\\build\\intermediates\\exploded-aar\\com.android.support\\mediarouter-v7\\24.0.0\\res\\values-nb\\values-nb.xml",
                    "position": {
                        "startLine": 16,
                        "startColumn": 4,
                        "startOffset": 1416,
                        "endColumn": 85,
                        "endOffset": 1497
                    }
                }
            },
            {
                "to": {
                    "startLine": 90,
                    "startColumn": 4,
                    "startOffset": 9805,
                    "endColumn": 93,
                    "endOffset": 9894
                },
                "from": {
                    "file": "C:\\Users\\Ming\\AndroidStudioProjects\\CS499APP\\app\\build\\intermediates\\exploded-aar\\com.android.support\\mediarouter-v7\\24.0.0\\res\\values-nb\\values-nb.xml",
                    "position": {
                        "startLine": 17,
                        "startColumn": 4,
                        "startOffset": 1502,
                        "endColumn": 93,
                        "endOffset": 1591
                    }
                }
            },
            {
                "to": {
                    "startLine": 91,
                    "startColumn": 4,
                    "startOffset": 9899,
                    "endColumn": 100,
                    "endOffset": 9995
                },
                "from": {
                    "file": "C:\\Users\\Ming\\AndroidStudioProjects\\CS499APP\\app\\build\\intermediates\\exploded-aar\\com.android.support\\appcompat-v7\\24.1.1\\res\\values-nb\\values-nb.xml",
                    "position": {
                        "startLine": 21,
                        "startColumn": 4,
                        "startOffset": 1951,
                        "endColumn": 100,
                        "endOffset": 2047
                    }
                }
            }
        ]
    }
]