[
    {
        "outputFile": "C:\\Users\\Ming\\AndroidStudioProjects\\CS499APP\\app\\build\\intermediates\\incremental\\mergeDebugResources\\merged.dir\\values-lt\\values-lt.xml",
        "map": [
            {
                "to": {
                    "startLine": 2,
                    "startColumn": 4,
                    "startOffset": 105,
                    "endColumn": 115,
                    "endOffset": 216
                },
                "from": {
                    "file": "C:\\Users\\Ming\\AndroidStudioProjects\\CS499APP\\app\\build\\intermediates\\exploded-aar\\com.android.support\\appcompat-v7\\24.1.1\\res\\values-lt\\values-lt.xml",
                    "position": {
                        "startLine": 2,
                        "startColumn": 4,
                        "startOffset": 55,
                        "endColumn": 115,
                        "endOffset": 166
                    }
                }
            },
            {
                "to": {
                    "startLine": 3,
                    "startColumn": 4,
                    "startOffset": 221,
                    "endColumn": 107,
                    "endOffset": 324
                },
                "from": {
                    "file": "C:\\Users\\Ming\\AndroidStudioProjects\\CS499APP\\app\\build\\intermediates\\exploded-aar\\com.android.support\\appcompat-v7\\24.1.1\\res\\values-lt\\values-lt.xml",
                    "position": {
                        "startLine": 3,
                        "startColumn": 4,
                        "startOffset": 171,
                        "endColumn": 107,
                        "endOffset": 274
                    }
                }
            },
            {
                "to": {
                    "startLine": 4,
                    "startColumn": 4,
                    "startOffset": 329,
                    "endColumn": 122,
                    "endOffset": 447
                },
                "from": {
                    "file": "C:\\Users\\Ming\\AndroidStudioProjects\\CS499APP\\app\\build\\intermediates\\exploded-aar\\com.android.support\\appcompat-v7\\24.1.1\\res\\values-lt\\values-lt.xml",
                    "position": {
                        "startLine": 4,
                        "startColumn": 4,
                        "startOffset": 279,
                        "endColumn": 122,
                        "endOffset": 397
                    }
                }
            },
            {
                "to": {
                    "startLine": 5,
                    "startColumn": 4,
                    "startOffset": 452,
                    "endColumn": 100,
                    "endOffset": 548
                },
                "from": {
                    "file": "C:\\Users\\Ming\\AndroidStudioProjects\\CS499APP\\app\\build\\intermediates\\exploded-aar\\com.android.support\\appcompat-v7\\24.1.1\\res\\values-lt\\values-lt.xml",
                    "position": {
                        "startLine": 5,
                        "startColumn": 4,
                        "startOffset": 402,
                        "endColumn": 100,
                        "endOffset": 498
                    }
                }
            },
            {
                "to": {
                    "startLine": 6,
                    "startColumn": 4,
                    "startOffset": 553,
                    "endColumn": 112,
                    "endOffset": 661
                },
                "from": {
                    "file": "C:\\Users\\Ming\\AndroidStudioProjects\\CS499APP\\app\\build\\intermediates\\exploded-aar\\com.android.support\\appcompat-v7\\24.1.1\\res\\values-lt\\values-lt.xml",
                    "position": {
                        "startLine": 6,
                        "startColumn": 4,
                        "startOffset": 503,
                        "endColumn": 112,
                        "endOffset": 611
                    }
                }
            },
            {
                "to": {
                    "startLine": 7,
                    "startColumn": 4,
                    "startOffset": 666,
                    "endColumn": 86,
                    "endOffset": 748
                },
                "from": {
                    "file": "C:\\Users\\Ming\\AndroidStudioProjects\\CS499APP\\app\\build\\intermediates\\exploded-aar\\com.android.support\\appcompat-v7\\24.1.1\\res\\values-lt\\values-lt.xml",
                    "position": {
                        "startLine": 7,
                        "startColumn": 4,
                        "startOffset": 616,
                        "endColumn": 86,
                        "endOffset": 698
                    }
                }
            },
            {
                "to": {
                    "startLine": 8,
                    "startColumn": 4,
                    "startOffset": 753,
                    "endColumn": 108,
                    "endOffset": 857
                },
                "from": {
                    "file": "C:\\Users\\Ming\\AndroidStudioProjects\\CS499APP\\app\\build\\intermediates\\exploded-aar\\com.android.support\\appcompat-v7\\24.1.1\\res\\values-lt\\values-lt.xml",
                    "position": {
                        "startLine": 8,
                        "startColumn": 4,
                        "startOffset": 703,
                        "endColumn": 108,
                        "endOffset": 807
                    }
                }
            },
            {
                "to": {
                    "startLine": 9,
                    "startColumn": 4,
                    "startOffset": 862,
                    "endColumn": 120,
                    "endOffset": 978
                },
                "from": {
                    "file": "C:\\Users\\Ming\\AndroidStudioProjects\\CS499APP\\app\\build\\intermediates\\exploded-aar\\com.android.support\\appcompat-v7\\24.1.1\\res\\values-lt\\values-lt.xml",
                    "position": {
                        "startLine": 9,
                        "startColumn": 4,
                        "startOffset": 812,
                        "endColumn": 120,
                        "endOffset": 928
                    }
                }
            },
            {
                "to": {
                    "startLine": 10,
                    "startColumn": 4,
                    "startOffset": 983,
                    "endColumn": 81,
                    "endOffset": 1060
                },
                "from": {
                    "file": "C:\\Users\\Ming\\AndroidStudioProjects\\CS499APP\\app\\build\\intermediates\\exploded-aar\\com.android.support\\appcompat-v7\\24.1.1\\res\\values-lt\\values-lt.xml",
                    "position": {
                        "startLine": 10,
                        "startColumn": 4,
                        "startOffset": 933,
                        "endColumn": 81,
                        "endOffset": 1010
                    }
                }
            },
            {
                "to": {
                    "startLine": 11,
                    "startColumn": 4,
                    "startOffset": 1065,
                    "endColumn": 80,
                    "endOffset": 1141
                },
                "from": {
                    "file": "C:\\Users\\Ming\\AndroidStudioProjects\\CS499APP\\app\\build\\intermediates\\exploded-aar\\com.android.support\\appcompat-v7\\24.1.1\\res\\values-lt\\values-lt.xml",
                    "position": {
                        "startLine": 11,
                        "startColumn": 4,
                        "startOffset": 1015,
                        "endColumn": 80,
                        "endOffset": 1091
                    }
                }
            },
            {
                "to": {
                    "startLine": 12,
                    "startColumn": 4,
                    "startOffset": 1146,
                    "endColumn": 84,
                    "endOffset": 1226
                },
                "from": {
                    "file": "C:\\Users\\Ming\\AndroidStudioProjects\\CS499APP\\app\\build\\intermediates\\exploded-aar\\com.android.support\\appcompat-v7\\24.1.1\\res\\values-lt\\values-lt.xml",
                    "position": {
                        "startLine": 12,
                        "startColumn": 4,
                        "startOffset": 1096,
                        "endColumn": 84,
                        "endOffset": 1176
                    }
                }
            },
            {
                "to": {
                    "startLine": 13,
                    "startColumn": 4,
                    "startOffset": 1231,
                    "endColumn": 108,
                    "endOffset": 1335
                },
                "from": {
                    "file": "C:\\Users\\Ming\\AndroidStudioProjects\\CS499APP\\app\\build\\intermediates\\exploded-aar\\com.android.support\\appcompat-v7\\24.1.1\\res\\values-lt\\values-lt.xml",
                    "position": {
                        "startLine": 13,
                        "startColumn": 4,
                        "startOffset": 1181,
                        "endColumn": 108,
                        "endOffset": 1285
                    }
                }
            },
            {
                "to": {
                    "startLine": 14,
                    "startColumn": 4,
                    "startOffset": 1340,
                    "endColumn": 108,
                    "endOffset": 1444
                },
                "from": {
                    "file": "C:\\Users\\Ming\\AndroidStudioProjects\\CS499APP\\app\\build\\intermediates\\exploded-aar\\com.android.support\\appcompat-v7\\24.1.1\\res\\values-lt\\values-lt.xml",
                    "position": {
                        "startLine": 14,
                        "startColumn": 4,
                        "startOffset": 1290,
                        "endColumn": 108,
                        "endOffset": 1394
                    }
                }
            },
            {
                "to": {
                    "startLine": 15,
                    "startColumn": 4,
                    "startOffset": 1449,
                    "endColumn": 99,
                    "endOffset": 1544
                },
                "from": {
                    "file": "C:\\Users\\Ming\\AndroidStudioProjects\\CS499APP\\app\\build\\intermediates\\exploded-aar\\com.android.support\\appcompat-v7\\24.1.1\\res\\values-lt\\values-lt.xml",
                    "position": {
                        "startLine": 15,
                        "startColumn": 4,
                        "startOffset": 1399,
                        "endColumn": 99,
                        "endOffset": 1494
                    }
                }
            },
            {
                "to": {
                    "startLine": 16,
                    "startColumn": 4,
                    "startOffset": 1549,
                    "endColumn": 109,
                    "endOffset": 1654
                },
                "from": {
                    "file": "C:\\Users\\Ming\\AndroidStudioProjects\\CS499APP\\app\\build\\intermediates\\exploded-aar\\com.android.support\\appcompat-v7\\24.1.1\\res\\values-lt\\values-lt.xml",
                    "position": {
                        "startLine": 16,
                        "startColumn": 4,
                        "startOffset": 1499,
                        "endColumn": 109,
                        "endOffset": 1604
                    }
                }
            },
            {
                "to": {
                    "startLine": 17,
                    "startColumn": 4,
                    "startOffset": 1659,
                    "endColumn": 103,
                    "endOffset": 1758
                },
                "from": {
                    "file": "C:\\Users\\Ming\\AndroidStudioProjects\\CS499APP\\app\\build\\intermediates\\exploded-aar\\com.android.support\\appcompat-v7\\24.1.1\\res\\values-lt\\values-lt.xml",
                    "position": {
                        "startLine": 17,
                        "startColumn": 4,
                        "startOffset": 1609,
                        "endColumn": 103,
                        "endOffset": 1708
                    }
                }
            },
            {
                "to": {
                    "startLine": 18,
                    "startColumn": 4,
                    "startOffset": 1763,
                    "endColumn": 112,
                    "endOffset": 1871
                },
                "from": {
                    "file": "C:\\Users\\Ming\\AndroidStudioProjects\\CS499APP\\app\\build\\intermediates\\exploded-aar\\com.android.support\\appcompat-v7\\24.1.1\\res\\values-lt\\values-lt.xml",
                    "position": {
                        "startLine": 18,
                        "startColumn": 4,
                        "startOffset": 1713,
                        "endColumn": 112,
                        "endOffset": 1821
                    }
                }
            },
            {
                "to": {
                    "startLine": 19,
                    "startColumn": 4,
                    "startOffset": 1876,
                    "endColumn": 129,
                    "endOffset": 2001
                },
                "from": {
                    "file": "C:\\Users\\Ming\\AndroidStudioProjects\\CS499APP\\app\\build\\intermediates\\exploded-aar\\com.android.support\\appcompat-v7\\24.1.1\\res\\values-lt\\values-lt.xml",
                    "position": {
                        "startLine": 19,
                        "startColumn": 4,
                        "startOffset": 1826,
                        "endColumn": 129,
                        "endOffset": 1951
                    }
                }
            },
            {
                "to": {
                    "startLine": 20,
                    "startColumn": 4,
                    "startOffset": 2006,
                    "endColumn": 100,
                    "endOffset": 2102
                },
                "from": {
                    "file": "C:\\Users\\Ming\\AndroidStudioProjects\\CS499APP\\app\\build\\intermediates\\exploded-aar\\com.android.support\\appcompat-v7\\24.1.1\\res\\values-lt\\values-lt.xml",
                    "position": {
                        "startLine": 20,
                        "startColumn": 4,
                        "startOffset": 1956,
                        "endColumn": 100,
                        "endOffset": 2052
                    }
                }
            },
            {
                "to": {
                    "startLine": 21,
                    "startColumn": 4,
                    "startOffset": 2107,
                    "endColumn": 81,
                    "endOffset": 2184
                },
                "from": {
                    "file": "C:\\Users\\Ming\\AndroidStudioProjects\\CS499APP\\app\\build\\intermediates\\exploded-aar\\com.google.android.gms\\play-services-cast-framework\\9.8.0\\res\\values-lt\\values.xml",
                    "position": {
                        "startLine": 4,
                        "startColumn": 0,
                        "startOffset": 298,
                        "endColumn": 77,
                        "endOffset": 375
                    }
                }
            },
            {
                "to": {
                    "startLine": 22,
                    "startColumn": 4,
                    "startOffset": 2189,
                    "endColumn": 99,
                    "endOffset": 2284
                },
                "from": {
                    "file": "C:\\Users\\Ming\\AndroidStudioProjects\\CS499APP\\app\\build\\intermediates\\exploded-aar\\com.google.android.gms\\play-services-cast-framework\\9.8.0\\res\\values-lt\\values.xml",
                    "position": {
                        "startLine": 5,
                        "startColumn": 0,
                        "startOffset": 376,
                        "endColumn": 95,
                        "endOffset": 471
                    }
                }
            },
            {
                "to": {
                    "startLine": 23,
                    "startColumn": 4,
                    "startOffset": 2289,
                    "endColumn": 88,
                    "endOffset": 2373
                },
                "from": {
                    "file": "C:\\Users\\Ming\\AndroidStudioProjects\\CS499APP\\app\\build\\intermediates\\exploded-aar\\com.google.android.gms\\play-services-cast-framework\\9.8.0\\res\\values-lt\\values.xml",
                    "position": {
                        "startLine": 6,
                        "startColumn": 0,
                        "startOffset": 472,
                        "endColumn": 84,
                        "endOffset": 556
                    }
                }
            },
            {
                "to": {
                    "startLine": 24,
                    "startColumn": 4,
                    "startOffset": 2378,
                    "endColumn": 113,
                    "endOffset": 2487
                },
                "from": {
                    "file": "C:\\Users\\Ming\\AndroidStudioProjects\\CS499APP\\app\\build\\intermediates\\exploded-aar\\com.google.android.gms\\play-services-cast-framework\\9.8.0\\res\\values-lt\\values.xml",
                    "position": {
                        "startLine": 7,
                        "startColumn": 0,
                        "startOffset": 557,
                        "endColumn": 109,
                        "endOffset": 666
                    }
                }
            },
            {
                "to": {
                    "startLine": 25,
                    "startColumn": 4,
                    "startOffset": 2492,
                    "endColumn": 82,
                    "endOffset": 2570
                },
                "from": {
                    "file": "C:\\Users\\Ming\\AndroidStudioProjects\\CS499APP\\app\\build\\intermediates\\exploded-aar\\com.google.android.gms\\play-services-cast-framework\\9.8.0\\res\\values-lt\\values.xml",
                    "position": {
                        "startLine": 8,
                        "startColumn": 0,
                        "startOffset": 667,
                        "endColumn": 78,
                        "endOffset": 745
                    }
                }
            },
            {
                "to": {
                    "startLine": 26,
                    "startColumn": 4,
                    "startOffset": 2575,
                    "endColumn": 120,
                    "endOffset": 2691
                },
                "from": {
                    "file": "C:\\Users\\Ming\\AndroidStudioProjects\\CS499APP\\app\\build\\intermediates\\exploded-aar\\com.google.android.gms\\play-services-cast-framework\\9.8.0\\res\\values-lt\\values.xml",
                    "position": {
                        "startLine": 9,
                        "startColumn": 0,
                        "startOffset": 746,
                        "endColumn": 116,
                        "endOffset": 862
                    }
                }
            },
            {
                "to": {
                    "startLine": 27,
                    "startColumn": 4,
                    "startOffset": 2696,
                    "endColumn": 115,
                    "endOffset": 2807
                },
                "from": {
                    "file": "C:\\Users\\Ming\\AndroidStudioProjects\\CS499APP\\app\\build\\intermediates\\exploded-aar\\com.google.android.gms\\play-services-cast-framework\\9.8.0\\res\\values-lt\\values.xml",
                    "position": {
                        "startLine": 10,
                        "startColumn": 0,
                        "startOffset": 863,
                        "endColumn": 111,
                        "endOffset": 974
                    }
                }
            },
            {
                "to": {
                    "startLine": 28,
                    "startColumn": 4,
                    "startOffset": 2812,
                    "endColumn": 128,
                    "endOffset": 2936
                },
                "from": {
                    "file": "C:\\Users\\Ming\\AndroidStudioProjects\\CS499APP\\app\\build\\intermediates\\exploded-aar\\com.google.android.gms\\play-services-cast-framework\\9.8.0\\res\\values-lt\\values.xml",
                    "position": {
                        "startLine": 11,
                        "startColumn": 0,
                        "startOffset": 975,
                        "endColumn": 124,
                        "endOffset": 1099
                    }
                }
            },
            {
                "to": {
                    "startLine": 29,
                    "startColumn": 4,
                    "startOffset": 2941,
                    "endColumn": 100,
                    "endOffset": 3037
                },
                "from": {
                    "file": "C:\\Users\\Ming\\AndroidStudioProjects\\CS499APP\\app\\build\\intermediates\\exploded-aar\\com.google.android.gms\\play-services-cast-framework\\9.8.0\\res\\values-lt\\values.xml",
                    "position": {
                        "startLine": 12,
                        "startColumn": 0,
                        "startOffset": 1100,
                        "endColumn": 96,
                        "endOffset": 1196
                    }
                }
            },
            {
                "to": {
                    "startLine": 30,
                    "startColumn": 4,
                    "startOffset": 3042,
                    "endColumn": 106,
                    "endOffset": 3144
                },
                "from": {
                    "file": "C:\\Users\\Ming\\AndroidStudioProjects\\CS499APP\\app\\build\\intermediates\\exploded-aar\\com.google.android.gms\\play-services-cast-framework\\9.8.0\\res\\values-lt\\values.xml",
                    "position": {
                        "startLine": 13,
                        "startColumn": 0,
                        "startOffset": 1197,
                        "endColumn": 102,
                        "endOffset": 1299
                    }
                }
            },
            {
                "to": {
                    "startLine": 31,
                    "startColumn": 4,
                    "startOffset": 3149,
                    "endColumn": 77,
                    "endOffset": 3222
                },
                "from": {
                    "file": "C:\\Users\\Ming\\AndroidStudioProjects\\CS499APP\\app\\build\\intermediates\\exploded-aar\\com.google.android.gms\\play-services-cast-framework\\9.8.0\\res\\values-lt\\values.xml",
                    "position": {
                        "startLine": 14,
                        "startColumn": 0,
                        "startOffset": 1300,
                        "endColumn": 73,
                        "endOffset": 1373
                    }
                }
            },
            {
                "to": {
                    "startLine": 32,
                    "startColumn": 4,
                    "startOffset": 3227,
                    "endColumn": 97,
                    "endOffset": 3320
                },
                "from": {
                    "file": "C:\\Users\\Ming\\AndroidStudioProjects\\CS499APP\\app\\build\\intermediates\\exploded-aar\\com.google.android.gms\\play-services-cast-framework\\9.8.0\\res\\values-lt\\values.xml",
                    "position": {
                        "startLine": 15,
                        "startColumn": 0,
                        "startOffset": 1374,
                        "endColumn": 93,
                        "endOffset": 1467
                    }
                }
            },
            {
                "to": {
                    "startLine": 33,
                    "startColumn": 4,
                    "startOffset": 3325,
                    "endColumn": 101,
                    "endOffset": 3422
                },
                "from": {
                    "file": "C:\\Users\\Ming\\AndroidStudioProjects\\CS499APP\\app\\build\\intermediates\\exploded-aar\\com.google.android.gms\\play-services-cast-framework\\9.8.0\\res\\values-lt\\values.xml",
                    "position": {
                        "startLine": 16,
                        "startColumn": 0,
                        "startOffset": 1468,
                        "endColumn": 97,
                        "endOffset": 1565
                    }
                }
            },
            {
                "to": {
                    "startLine": 34,
                    "startColumn": 4,
                    "startOffset": 3427,
                    "endColumn": 107,
                    "endOffset": 3530
                },
                "from": {
                    "file": "C:\\Users\\Ming\\AndroidStudioProjects\\CS499APP\\app\\build\\intermediates\\exploded-aar\\com.google.android.gms\\play-services-cast-framework\\9.8.0\\res\\values-lt\\values.xml",
                    "position": {
                        "startLine": 17,
                        "startColumn": 0,
                        "startOffset": 1566,
                        "endColumn": 103,
                        "endOffset": 1669
                    }
                }
            },
            {
                "to": {
                    "startLine": 35,
                    "startColumn": 4,
                    "startOffset": 3535,
                    "endColumn": 77,
                    "endOffset": 3608
                },
                "from": {
                    "file": "C:\\Users\\Ming\\AndroidStudioProjects\\CS499APP\\app\\build\\intermediates\\exploded-aar\\com.google.android.gms\\play-services-cast-framework\\9.8.0\\res\\values-lt\\values.xml",
                    "position": {
                        "startLine": 18,
                        "startColumn": 0,
                        "startOffset": 1670,
                        "endColumn": 73,
                        "endOffset": 1743
                    }
                }
            },
            {
                "to": {
                    "startLine": 36,
                    "startColumn": 4,
                    "startOffset": 3613,
                    "endColumn": 142,
                    "endOffset": 3751
                },
                "from": {
                    "file": "C:\\Users\\Ming\\AndroidStudioProjects\\CS499APP\\app\\build\\intermediates\\exploded-aar\\com.google.android.gms\\play-services-cast\\9.8.0\\res\\values-lt\\values.xml",
                    "position": {
                        "startLine": 4,
                        "startColumn": 0,
                        "startOffset": 288,
                        "endColumn": 142,
                        "endOffset": 430
                    }
                }
            },
            {
                "to": {
                    "startLine": 37,
                    "startColumn": 4,
                    "startOffset": 3756,
                    "endColumn": 145,
                    "endOffset": 3897
                },
                "from": {
                    "file": "C:\\Users\\Ming\\AndroidStudioProjects\\CS499APP\\app\\build\\intermediates\\exploded-aar\\com.google.android.gms\\play-services-cast\\9.8.0\\res\\values-lt\\values.xml",
                    "position": {
                        "startLine": 5,
                        "startColumn": 0,
                        "startOffset": 431,
                        "endColumn": 145,
                        "endOffset": 576
                    }
                }
            },
            {
                "to": {
                    "startLine": 38,
                    "startColumn": 4,
                    "startOffset": 3902,
                    "endColumn": 97,
                    "endOffset": 3995
                },
                "from": {
                    "file": "C:\\Users\\Ming\\AndroidStudioProjects\\CS499APP\\app\\build\\intermediates\\exploded-aar\\com.google.android.gms\\play-services-cast\\9.8.0\\res\\values-lt\\values.xml",
                    "position": {
                        "startLine": 6,
                        "startColumn": 0,
                        "startOffset": 577,
                        "endColumn": 93,
                        "endOffset": 670
                    }
                }
            },
            {
                "to": {
                    "startLine": 39,
                    "startColumn": 4,
                    "startOffset": 4000,
                    "endColumn": 80,
                    "endOffset": 4076
                },
                "from": {
                    "file": "C:\\Users\\Ming\\AndroidStudioProjects\\CS499APP\\app\\build\\intermediates\\exploded-aar\\com.google.android.gms\\play-services-cast-framework\\9.8.0\\res\\values-lt\\values.xml",
                    "position": {
                        "startLine": 19,
                        "startColumn": 0,
                        "startOffset": 1744,
                        "endColumn": 76,
                        "endOffset": 1820
                    }
                }
            },
            {
                "to": {
                    "startLine": 40,
                    "startColumn": 4,
                    "startOffset": 4081,
                    "endColumn": 74,
                    "endOffset": 4151
                },
                "from": {
                    "file": "C:\\Users\\Ming\\AndroidStudioProjects\\CS499APP\\app\\build\\intermediates\\exploded-aar\\com.google.android.gms\\play-services-cast-framework\\9.8.0\\res\\values-lt\\values.xml",
                    "position": {
                        "startLine": 20,
                        "startColumn": 0,
                        "startOffset": 1821,
                        "endColumn": 70,
                        "endOffset": 1891
                    }
                }
            },
            {
                "to": {
                    "startLine": 41,
                    "startColumn": 4,
                    "startOffset": 4156,
                    "endColumn": 83,
                    "endOffset": 4235
                },
                "from": {
                    "file": "C:\\Users\\Ming\\AndroidStudioProjects\\CS499APP\\app\\build\\intermediates\\exploded-aar\\com.google.android.gms\\play-services-cast-framework\\9.8.0\\res\\values-lt\\values.xml",
                    "position": {
                        "startLine": 21,
                        "startColumn": 0,
                        "startOffset": 1892,
                        "endColumn": 79,
                        "endOffset": 1971
                    }
                }
            },
            {
                "to": {
                    "startLine": 42,
                    "startColumn": 4,
                    "startOffset": 4240,
                    "endColumn": 103,
                    "endOffset": 4339
                },
                "from": {
                    "file": "C:\\Users\\Ming\\AndroidStudioProjects\\CS499APP\\app\\build\\intermediates\\exploded-aar\\com.google.android.gms\\play-services-cast-framework\\9.8.0\\res\\values-lt\\values.xml",
                    "position": {
                        "startLine": 22,
                        "startColumn": 0,
                        "startOffset": 1972,
                        "endColumn": 99,
                        "endOffset": 2071
                    }
                }
            },
            {
                "to": {
                    "startLine": 43,
                    "startColumn": 4,
                    "startOffset": 4344,
                    "endColumn": 107,
                    "endOffset": 4447
                },
                "from": {
                    "file": "C:\\Users\\Ming\\AndroidStudioProjects\\CS499APP\\app\\build\\intermediates\\exploded-aar\\com.google.android.gms\\play-services-cast-framework\\9.8.0\\res\\values-lt\\values.xml",
                    "position": {
                        "startLine": 23,
                        "startColumn": 0,
                        "startOffset": 2072,
                        "endColumn": 103,
                        "endOffset": 2175
                    }
                }
            },
            {
                "to": {
                    "startLine": 44,
                    "startColumn": 4,
                    "startOffset": 4452,
                    "endColumn": 99,
                    "endOffset": 4547
                },
                "from": {
                    "file": "C:\\Users\\Ming\\AndroidStudioProjects\\CS499APP\\app\\build\\intermediates\\exploded-aar\\com.google.android.gms\\play-services-cast-framework\\9.8.0\\res\\values-lt\\values.xml",
                    "position": {
                        "startLine": 24,
                        "startColumn": 0,
                        "startOffset": 2176,
                        "endColumn": 95,
                        "endOffset": 2271
                    }
                }
            },
            {
                "to": {
                    "startLine": 45,
                    "startColumn": 4,
                    "startOffset": 4552,
                    "endColumn": 99,
                    "endOffset": 4647
                },
                "from": {
                    "file": "C:\\Users\\Ming\\AndroidStudioProjects\\CS499APP\\app\\build\\intermediates\\exploded-aar\\com.google.android.gms\\play-services-cast-framework\\9.8.0\\res\\values-lt\\values.xml",
                    "position": {
                        "startLine": 25,
                        "startColumn": 0,
                        "startOffset": 2272,
                        "endColumn": 95,
                        "endOffset": 2367
                    }
                }
            },
            {
                "to": {
                    "startLine": 46,
                    "startColumn": 4,
                    "startOffset": 4652,
                    "endColumn": 105,
                    "endOffset": 4753
                },
                "from": {
                    "file": "C:\\Users\\Ming\\AndroidStudioProjects\\CS499APP\\app\\build\\intermediates\\exploded-aar\\com.google.android.gms\\play-services-cast-framework\\9.8.0\\res\\values-lt\\values.xml",
                    "position": {
                        "startLine": 26,
                        "startColumn": 0,
                        "startOffset": 2368,
                        "endColumn": 101,
                        "endOffset": 2469
                    }
                }
            },
            {
                "to": {
                    "startLine": 47,
                    "startColumn": 4,
                    "startOffset": 4758,
                    "endColumn": 78,
                    "endOffset": 4832
                },
                "from": {
                    "file": "C:\\Users\\Ming\\AndroidStudioProjects\\CS499APP\\app\\build\\intermediates\\exploded-aar\\com.google.android.gms\\play-services-cast-framework\\9.8.0\\res\\values-lt\\values.xml",
                    "position": {
                        "startLine": 27,
                        "startColumn": 0,
                        "startOffset": 2470,
                        "endColumn": 74,
                        "endOffset": 2544
                    }
                }
            },
            {
                "to": {
                    "startLine": 48,
                    "startColumn": 4,
                    "startOffset": 4837,
                    "endColumn": 108,
                    "endOffset": 4941
                },
                "from": {
                    "file": "C:\\Users\\Ming\\AndroidStudioProjects\\CS499APP\\app\\build\\intermediates\\exploded-aar\\com.google.android.gms\\play-services-cast-framework\\9.8.0\\res\\values-lt\\values.xml",
                    "position": {
                        "startLine": 28,
                        "startColumn": 0,
                        "startOffset": 2545,
                        "endColumn": 104,
                        "endOffset": 2649
                    }
                }
            },
            {
                "to": {
                    "startLine": 49,
                    "startColumn": 4,
                    "startOffset": 4946,
                    "endColumn": 97,
                    "endOffset": 5039
                },
                "from": {
                    "file": "C:\\Users\\Ming\\AndroidStudioProjects\\CS499APP\\app\\build\\intermediates\\exploded-aar\\com.google.android.gms\\play-services-cast-framework\\9.8.0\\res\\values-lt\\values.xml",
                    "position": {
                        "startLine": 29,
                        "startColumn": 0,
                        "startOffset": 2650,
                        "endColumn": 93,
                        "endOffset": 2743
                    }
                }
            },
            {
                "to": {
                    "startLine": 50,
                    "startColumn": 4,
                    "startOffset": 5044,
                    "endColumn": 100,
                    "endOffset": 5140
                },
                "from": {
                    "file": "C:\\Users\\Ming\\AndroidStudioProjects\\CS499APP\\app\\build\\intermediates\\exploded-aar\\com.google.android.gms\\play-services-cast-framework\\9.8.0\\res\\values-lt\\values.xml",
                    "position": {
                        "startLine": 30,
                        "startColumn": 0,
                        "startOffset": 2744,
                        "endColumn": 96,
                        "endOffset": 2840
                    }
                }
            },
            {
                "to": {
                    "startLine": 51,
                    "startColumn": 4,
                    "startOffset": 5145,
                    "endColumn": 145,
                    "endOffset": 5286
                },
                "from": {
                    "file": "C:\\Users\\Ming\\AndroidStudioProjects\\CS499APP\\app\\build\\intermediates\\exploded-aar\\com.google.android.gms\\play-services-cast-framework\\9.8.0\\res\\values-lt\\values.xml",
                    "position": {
                        "startLine": 31,
                        "startColumn": 0,
                        "startOffset": 2841,
                        "endColumn": 145,
                        "endOffset": 2986
                    }
                }
            },
            {
                "to": {
                    "startLine": 52,
                    "startColumn": 4,
                    "startOffset": 5291,
                    "endColumn": 132,
                    "endOffset": 5419
                },
                "from": {
                    "file": "C:\\Users\\Ming\\AndroidStudioProjects\\CS499APP\\app\\build\\intermediates\\exploded-aar\\com.google.android.gms\\play-services-cast-framework\\9.8.0\\res\\values-lt\\values.xml",
                    "position": {
                        "startLine": 32,
                        "startColumn": 0,
                        "startOffset": 2987,
                        "endColumn": 128,
                        "endOffset": 3115
                    }
                }
            },
            {
                "to": {
                    "startLine": 53,
                    "startColumn": 4,
                    "startOffset": 5424,
                    "endColumn": 132,
                    "endOffset": 5552
                },
                "from": {
                    "file": "C:\\Users\\Ming\\AndroidStudioProjects\\CS499APP\\app\\build\\intermediates\\exploded-aar\\com.google.android.gms\\play-services-cast-framework\\9.8.0\\res\\values-lt\\values.xml",
                    "position": {
                        "startLine": 33,
                        "startColumn": 0,
                        "startOffset": 3116,
                        "endColumn": 128,
                        "endOffset": 3244
                    }
                }
            },
            {
                "to": {
                    "startLine": 54,
                    "startColumn": 4,
                    "startOffset": 5557,
                    "endColumn": 94,
                    "endOffset": 5647
                },
                "from": {
                    "file": "C:\\Users\\Ming\\AndroidStudioProjects\\CS499APP\\app\\build\\intermediates\\exploded-aar\\com.google.android.gms\\play-services-cast-framework\\9.8.0\\res\\values-lt\\values.xml",
                    "position": {
                        "startLine": 34,
                        "startColumn": 0,
                        "startOffset": 3245,
                        "endColumn": 90,
                        "endOffset": 3335
                    }
                }
            },
            {
                "to": {
                    "startLine": 55,
                    "startColumn": 4,
                    "startOffset": 5652,
                    "endColumn": 93,
                    "endOffset": 5741
                },
                "from": {
                    "file": "C:\\Users\\Ming\\AndroidStudioProjects\\CS499APP\\app\\build\\intermediates\\exploded-aar\\com.google.android.gms\\play-services-cast-framework\\9.8.0\\res\\values-lt\\values.xml",
                    "position": {
                        "startLine": 35,
                        "startColumn": 0,
                        "startOffset": 3336,
                        "endColumn": 89,
                        "endOffset": 3425
                    }
                }
            },
            {
                "to": {
                    "startLine": 56,
                    "startColumn": 4,
                    "startOffset": 5746,
                    "endColumn": 104,
                    "endOffset": 5846
                },
                "from": {
                    "file": "C:\\Users\\Ming\\AndroidStudioProjects\\CS499APP\\app\\build\\intermediates\\exploded-aar\\com.google.android.gms\\play-services-cast-framework\\9.8.0\\res\\values-lt\\values.xml",
                    "position": {
                        "startLine": 36,
                        "startColumn": 0,
                        "startOffset": 3426,
                        "endColumn": 100,
                        "endOffset": 3526
                    }
                }
            },
            {
                "to": {
                    "startLine": 57,
                    "startColumn": 4,
                    "startOffset": 5851,
                    "endColumn": 83,
                    "endOffset": 5930
                },
                "from": {
                    "file": "C:\\Users\\Ming\\AndroidStudioProjects\\CS499APP\\app\\build\\intermediates\\exploded-aar\\com.google.android.gms\\play-services-cast-framework\\9.8.0\\res\\values-lt\\values.xml",
                    "position": {
                        "startLine": 37,
                        "startColumn": 0,
                        "startOffset": 3527,
                        "endColumn": 79,
                        "endOffset": 3606
                    }
                }
            },
            {
                "to": {
                    "startLine": 58,
                    "startColumn": 4,
                    "startOffset": 5935,
                    "endColumn": 108,
                    "endOffset": 6039
                },
                "from": {
                    "file": "C:\\Users\\Ming\\AndroidStudioProjects\\CS499APP\\app\\build\\intermediates\\exploded-aar\\com.google.android.gms\\play-services-base\\9.8.0\\res\\values-lt\\values.xml",
                    "position": {
                        "startLine": 4,
                        "startColumn": 0,
                        "startOffset": 283,
                        "endColumn": 104,
                        "endOffset": 387
                    }
                }
            },
            {
                "to": {
                    "startLine": 59,
                    "startColumn": 4,
                    "startOffset": 6044,
                    "endColumn": 183,
                    "endOffset": 6223
                },
                "from": {
                    "file": "C:\\Users\\Ming\\AndroidStudioProjects\\CS499APP\\app\\build\\intermediates\\exploded-aar\\com.google.android.gms\\play-services-base\\9.8.0\\res\\values-lt\\values.xml",
                    "position": {
                        "startLine": 5,
                        "startColumn": 0,
                        "startOffset": 388,
                        "endColumn": 183,
                        "endOffset": 571
                    }
                }
            },
            {
                "to": {
                    "startLine": 60,
                    "startColumn": 4,
                    "startOffset": 6228,
                    "endColumn": 133,
                    "endOffset": 6357
                },
                "from": {
                    "file": "C:\\Users\\Ming\\AndroidStudioProjects\\CS499APP\\app\\build\\intermediates\\exploded-aar\\com.google.android.gms\\play-services-base\\9.8.0\\res\\values-lt\\values.xml",
                    "position": {
                        "startLine": 6,
                        "startColumn": 0,
                        "startOffset": 572,
                        "endColumn": 129,
                        "endOffset": 701
                    }
                }
            },
            {
                "to": {
                    "startLine": 61,
                    "startColumn": 4,
                    "startOffset": 6362,
                    "endColumn": 108,
                    "endOffset": 6466
                },
                "from": {
                    "file": "C:\\Users\\Ming\\AndroidStudioProjects\\CS499APP\\app\\build\\intermediates\\exploded-aar\\com.google.android.gms\\play-services-base\\9.8.0\\res\\values-lt\\values.xml",
                    "position": {
                        "startLine": 7,
                        "startColumn": 0,
                        "startOffset": 702,
                        "endColumn": 104,
                        "endOffset": 806
                    }
                }
            },
            {
                "to": {
                    "startLine": 62,
                    "startColumn": 4,
                    "startOffset": 6471,
                    "endColumn": 211,
                    "endOffset": 6678
                },
                "from": {
                    "file": "C:\\Users\\Ming\\AndroidStudioProjects\\CS499APP\\app\\build\\intermediates\\exploded-aar\\com.google.android.gms\\play-services-base\\9.8.0\\res\\values-lt\\values.xml",
                    "position": {
                        "startLine": 8,
                        "startColumn": 0,
                        "startOffset": 807,
                        "endColumn": 211,
                        "endOffset": 1018
                    }
                }
            },
            {
                "to": {
                    "startLine": 63,
                    "startColumn": 4,
                    "startOffset": 6683,
                    "endColumn": 131,
                    "endOffset": 6810
                },
                "from": {
                    "file": "C:\\Users\\Ming\\AndroidStudioProjects\\CS499APP\\app\\build\\intermediates\\exploded-aar\\com.google.android.gms\\play-services-base\\9.8.0\\res\\values-lt\\values.xml",
                    "position": {
                        "startLine": 9,
                        "startColumn": 0,
                        "startOffset": 1019,
                        "endColumn": 127,
                        "endOffset": 1146
                    }
                }
            },
            {
                "to": {
                    "startLine": 64,
                    "startColumn": 4,
                    "startOffset": 6815,
                    "endColumn": 134,
                    "endOffset": 6945
                },
                "from": {
                    "file": "C:\\Users\\Ming\\AndroidStudioProjects\\CS499APP\\app\\build\\intermediates\\exploded-aar\\com.google.android.gms\\play-services-base\\9.8.0\\res\\values-lt\\values.xml",
                    "position": {
                        "startLine": 10,
                        "startColumn": 0,
                        "startOffset": 1147,
                        "endColumn": 130,
                        "endOffset": 1277
                    }
                }
            },
            {
                "to": {
                    "startLine": 65,
                    "startColumn": 4,
                    "startOffset": 6950,
                    "endColumn": 217,
                    "endOffset": 7163
                },
                "from": {
                    "file": "C:\\Users\\Ming\\AndroidStudioProjects\\CS499APP\\app\\build\\intermediates\\exploded-aar\\com.google.android.gms\\play-services-basement\\9.8.0\\res\\values-lt\\values.xml",
                    "position": {
                        "startLine": 4,
                        "startColumn": 0,
                        "startOffset": 285,
                        "endColumn": 217,
                        "endOffset": 502
                    }
                }
            },
            {
                "to": {
                    "startLine": 66,
                    "startColumn": 4,
                    "startOffset": 7168,
                    "endColumn": 224,
                    "endOffset": 7388
                },
                "from": {
                    "file": "C:\\Users\\Ming\\AndroidStudioProjects\\CS499APP\\app\\build\\intermediates\\exploded-aar\\com.google.android.gms\\play-services-base\\9.8.0\\res\\values-lt\\values.xml",
                    "position": {
                        "startLine": 11,
                        "startColumn": 0,
                        "startOffset": 1278,
                        "endColumn": 224,
                        "endOffset": 1502
                    }
                }
            },
            {
                "to": {
                    "startLine": 67,
                    "startColumn": 4,
                    "startOffset": 7393,
                    "endColumn": 110,
                    "endOffset": 7499
                },
                "from": {
                    "file": "C:\\Users\\Ming\\AndroidStudioProjects\\CS499APP\\app\\build\\intermediates\\exploded-aar\\com.google.android.gms\\play-services-base\\9.8.0\\res\\values-lt\\values.xml",
                    "position": {
                        "startLine": 12,
                        "startColumn": 0,
                        "startOffset": 1503,
                        "endColumn": 106,
                        "endOffset": 1609
                    }
                }
            },
            {
                "to": {
                    "startLine": 68,
                    "startColumn": 4,
                    "startOffset": 7504,
                    "endColumn": 195,
                    "endOffset": 7695
                },
                "from": {
                    "file": "C:\\Users\\Ming\\AndroidStudioProjects\\CS499APP\\app\\build\\intermediates\\exploded-aar\\com.google.android.gms\\play-services-base\\9.8.0\\res\\values-lt\\values.xml",
                    "position": {
                        "startLine": 13,
                        "startColumn": 0,
                        "startOffset": 1610,
                        "endColumn": 195,
                        "endOffset": 1805
                    }
                }
            },
            {
                "to": {
                    "startLine": 69,
                    "startColumn": 4,
                    "startOffset": 7700,
                    "endColumn": 135,
                    "endOffset": 7831
                },
                "from": {
                    "file": "C:\\Users\\Ming\\AndroidStudioProjects\\CS499APP\\app\\build\\intermediates\\exploded-aar\\com.google.android.gms\\play-services-base\\9.8.0\\res\\values-lt\\values.xml",
                    "position": {
                        "startLine": 14,
                        "startColumn": 0,
                        "startOffset": 1806,
                        "endColumn": 131,
                        "endOffset": 1937
                    }
                }
            },
            {
                "to": {
                    "startLine": 70,
                    "startColumn": 4,
                    "startOffset": 7836,
                    "endColumn": 211,
                    "endOffset": 8043
                },
                "from": {
                    "file": "C:\\Users\\Ming\\AndroidStudioProjects\\CS499APP\\app\\build\\intermediates\\exploded-aar\\com.google.android.gms\\play-services-base\\9.8.0\\res\\values-lt\\values.xml",
                    "position": {
                        "startLine": 15,
                        "startColumn": 0,
                        "startOffset": 1938,
                        "endColumn": 211,
                        "endOffset": 2149
                    }
                }
            },
            {
                "to": {
                    "startLine": 71,
                    "startColumn": 4,
                    "startOffset": 8048,
                    "endColumn": 179,
                    "endOffset": 8223
                },
                "from": {
                    "file": "C:\\Users\\Ming\\AndroidStudioProjects\\CS499APP\\app\\build\\intermediates\\exploded-aar\\com.google.android.gms\\play-services-base\\9.8.0\\res\\values-lt\\values.xml",
                    "position": {
                        "startLine": 16,
                        "startColumn": 0,
                        "startOffset": 2150,
                        "endColumn": 175,
                        "endOffset": 2325
                    }
                }
            },
            {
                "to": {
                    "startLine": 72,
                    "startColumn": 4,
                    "startOffset": 8228,
                    "endColumn": 97,
                    "endOffset": 8321
                },
                "from": {
                    "file": "C:\\Users\\Ming\\AndroidStudioProjects\\CS499APP\\app\\build\\intermediates\\exploded-aar\\com.google.android.gms\\play-services-base\\9.8.0\\res\\values-lt\\values.xml",
                    "position": {
                        "startLine": 17,
                        "startColumn": 0,
                        "startOffset": 2326,
                        "endColumn": 93,
                        "endOffset": 2419
                    }
                }
            },
            {
                "to": {
                    "startLine": 73,
                    "startColumn": 4,
                    "startOffset": 8326,
                    "endColumn": 95,
                    "endOffset": 8417
                },
                "from": {
                    "file": "C:\\Users\\Ming\\AndroidStudioProjects\\CS499APP\\app\\build\\intermediates\\exploded-aar\\com.google.android.gms\\play-services-base\\9.8.0\\res\\values-lt\\values.xml",
                    "position": {
                        "startLine": 18,
                        "startColumn": 0,
                        "startOffset": 2420,
                        "endColumn": 91,
                        "endOffset": 2511
                    }
                }
            },
            {
                "to": {
                    "startLine": 74,
                    "startColumn": 4,
                    "startOffset": 8422,
                    "endColumn": 118,
                    "endOffset": 8536
                },
                "from": {
                    "file": "C:\\Users\\Ming\\AndroidStudioProjects\\CS499APP\\app\\build\\intermediates\\exploded-aar\\com.google.android.gms\\play-services-base\\9.8.0\\res\\values-lt\\values.xml",
                    "position": {
                        "startLine": 19,
                        "startColumn": 0,
                        "startOffset": 2512,
                        "endColumn": 114,
                        "endOffset": 2626
                    }
                }
            },
            {
                "to": {
                    "startLine": 75,
                    "startColumn": 4,
                    "startOffset": 8541,
                    "endColumn": 106,
                    "endOffset": 8643
                },
                "from": {
                    "file": "C:\\Users\\Ming\\AndroidStudioProjects\\CS499APP\\app\\build\\intermediates\\exploded-aar\\com.android.support\\mediarouter-v7\\24.0.0\\res\\values-lt\\values-lt.xml",
                    "position": {
                        "startLine": 2,
                        "startColumn": 4,
                        "startOffset": 55,
                        "endColumn": 106,
                        "endOffset": 157
                    }
                }
            },
            {
                "to": {
                    "startLine": 76,
                    "startColumn": 4,
                    "startOffset": 8648,
                    "endColumn": 97,
                    "endOffset": 8741
                },
                "from": {
                    "file": "C:\\Users\\Ming\\AndroidStudioProjects\\CS499APP\\app\\build\\intermediates\\exploded-aar\\com.android.support\\mediarouter-v7\\24.0.0\\res\\values-lt\\values-lt.xml",
                    "position": {
                        "startLine": 3,
                        "startColumn": 4,
                        "startOffset": 162,
                        "endColumn": 97,
                        "endOffset": 255
                    }
                }
            },
            {
                "to": {
                    "startLine": 77,
                    "startColumn": 4,
                    "startOffset": 8746,
                    "endColumn": 84,
                    "endOffset": 8826
                },
                "from": {
                    "file": "C:\\Users\\Ming\\AndroidStudioProjects\\CS499APP\\app\\build\\intermediates\\exploded-aar\\com.android.support\\mediarouter-v7\\24.0.0\\res\\values-lt\\values-lt.xml",
                    "position": {
                        "startLine": 4,
                        "startColumn": 4,
                        "startOffset": 260,
                        "endColumn": 84,
                        "endOffset": 340
                    }
                }
            },
            {
                "to": {
                    "startLine": 78,
                    "startColumn": 4,
                    "startOffset": 8831,
                    "endColumn": 97,
                    "endOffset": 8924
                },
                "from": {
                    "file": "C:\\Users\\Ming\\AndroidStudioProjects\\CS499APP\\app\\build\\intermediates\\exploded-aar\\com.android.support\\mediarouter-v7\\24.0.0\\res\\values-lt\\values-lt.xml",
                    "position": {
                        "startLine": 5,
                        "startColumn": 4,
                        "startOffset": 345,
                        "endColumn": 97,
                        "endOffset": 438
                    }
                }
            },
            {
                "to": {
                    "startLine": 79,
                    "startColumn": 4,
                    "startOffset": 8929,
                    "endColumn": 106,
                    "endOffset": 9031
                },
                "from": {
                    "file": "C:\\Users\\Ming\\AndroidStudioProjects\\CS499APP\\app\\build\\intermediates\\exploded-aar\\com.android.support\\mediarouter-v7\\24.0.0\\res\\values-lt\\values-lt.xml",
                    "position": {
                        "startLine": 6,
                        "startColumn": 4,
                        "startOffset": 443,
                        "endColumn": 106,
                        "endOffset": 545
                    }
                }
            },
            {
                "to": {
                    "startLine": 80,
                    "startColumn": 4,
                    "startOffset": 9036,
                    "endColumn": 98,
                    "endOffset": 9130
                },
                "from": {
                    "file": "C:\\Users\\Ming\\AndroidStudioProjects\\CS499APP\\app\\build\\intermediates\\exploded-aar\\com.android.support\\mediarouter-v7\\24.0.0\\res\\values-lt\\values-lt.xml",
                    "position": {
                        "startLine": 7,
                        "startColumn": 4,
                        "startOffset": 550,
                        "endColumn": 98,
                        "endOffset": 644
                    }
                }
            },
            {
                "to": {
                    "startLine": 81,
                    "startColumn": 4,
                    "startOffset": 9135,
                    "endColumn": 96,
                    "endOffset": 9227
                },
                "from": {
                    "file": "C:\\Users\\Ming\\AndroidStudioProjects\\CS499APP\\app\\build\\intermediates\\exploded-aar\\com.android.support\\mediarouter-v7\\24.0.0\\res\\values-lt\\values-lt.xml",
                    "position": {
                        "startLine": 8,
                        "startColumn": 4,
                        "startOffset": 649,
                        "endColumn": 96,
                        "endOffset": 741
                    }
                }
            },
            {
                "to": {
                    "startLine": 82,
                    "startColumn": 4,
                    "startOffset": 9232,
                    "endColumn": 91,
                    "endOffset": 9319
                },
                "from": {
                    "file": "C:\\Users\\Ming\\AndroidStudioProjects\\CS499APP\\app\\build\\intermediates\\exploded-aar\\com.android.support\\mediarouter-v7\\24.0.0\\res\\values-lt\\values-lt.xml",
                    "position": {
                        "startLine": 9,
                        "startColumn": 4,
                        "startOffset": 746,
                        "endColumn": 91,
                        "endOffset": 833
                    }
                }
            },
            {
                "to": {
                    "startLine": 83,
                    "startColumn": 4,
                    "startOffset": 9324,
                    "endColumn": 95,
                    "endOffset": 9415
                },
                "from": {
                    "file": "C:\\Users\\Ming\\AndroidStudioProjects\\CS499APP\\app\\build\\intermediates\\exploded-aar\\com.android.support\\mediarouter-v7\\24.0.0\\res\\values-lt\\values-lt.xml",
                    "position": {
                        "startLine": 10,
                        "startColumn": 4,
                        "startOffset": 838,
                        "endColumn": 95,
                        "endOffset": 929
                    }
                }
            },
            {
                "to": {
                    "startLine": 84,
                    "startColumn": 4,
                    "startOffset": 9420,
                    "endColumn": 114,
                    "endOffset": 9530
                },
                "from": {
                    "file": "C:\\Users\\Ming\\AndroidStudioProjects\\CS499APP\\app\\build\\intermediates\\exploded-aar\\com.android.support\\mediarouter-v7\\24.0.0\\res\\values-lt\\values-lt.xml",
                    "position": {
                        "startLine": 11,
                        "startColumn": 4,
                        "startOffset": 934,
                        "endColumn": 114,
                        "endOffset": 1044
                    }
                }
            },
            {
                "to": {
                    "startLine": 85,
                    "startColumn": 4,
                    "startOffset": 9535,
                    "endColumn": 115,
                    "endOffset": 9646
                },
                "from": {
                    "file": "C:\\Users\\Ming\\AndroidStudioProjects\\CS499APP\\app\\build\\intermediates\\exploded-aar\\com.android.support\\mediarouter-v7\\24.0.0\\res\\values-lt\\values-lt.xml",
                    "position": {
                        "startLine": 12,
                        "startColumn": 4,
                        "startOffset": 1049,
                        "endColumn": 115,
                        "endOffset": 1160
                    }
                }
            },
            {
                "to": {
                    "startLine": 86,
                    "startColumn": 4,
                    "startOffset": 9651,
                    "endColumn": 89,
                    "endOffset": 9736
                },
                "from": {
                    "file": "C:\\Users\\Ming\\AndroidStudioProjects\\CS499APP\\app\\build\\intermediates\\exploded-aar\\com.android.support\\mediarouter-v7\\24.0.0\\res\\values-lt\\values-lt.xml",
                    "position": {
                        "startLine": 13,
                        "startColumn": 4,
                        "startOffset": 1165,
                        "endColumn": 89,
                        "endOffset": 1250
                    }
                }
            },
            {
                "to": {
                    "startLine": 87,
                    "startColumn": 4,
                    "startOffset": 9741,
                    "endColumn": 82,
                    "endOffset": 9819
                },
                "from": {
                    "file": "C:\\Users\\Ming\\AndroidStudioProjects\\CS499APP\\app\\build\\intermediates\\exploded-aar\\com.android.support\\mediarouter-v7\\24.0.0\\res\\values-lt\\values-lt.xml",
                    "position": {
                        "startLine": 14,
                        "startColumn": 4,
                        "startOffset": 1255,
                        "endColumn": 82,
                        "endOffset": 1333
                    }
                }
            },
            {
                "to": {
                    "startLine": 88,
                    "startColumn": 4,
                    "startOffset": 9824,
                    "endColumn": 97,
                    "endOffset": 9917
                },
                "from": {
                    "file": "C:\\Users\\Ming\\AndroidStudioProjects\\CS499APP\\app\\build\\intermediates\\exploded-aar\\com.android.support\\mediarouter-v7\\24.0.0\\res\\values-lt\\values-lt.xml",
                    "position": {
                        "startLine": 15,
                        "startColumn": 4,
                        "startOffset": 1338,
                        "endColumn": 97,
                        "endOffset": 1431
                    }
                }
            },
            {
                "to": {
                    "startLine": 89,
                    "startColumn": 4,
                    "startOffset": 9922,
                    "endColumn": 86,
                    "endOffset": 10004
                },
                "from": {
                    "file": "C:\\Users\\Ming\\AndroidStudioProjects\\CS499APP\\app\\build\\intermediates\\exploded-aar\\com.android.support\\mediarouter-v7\\24.0.0\\res\\values-lt\\values-lt.xml",
                    "position": {
                        "startLine": 16,
                        "startColumn": 4,
                        "startOffset": 1436,
                        "endColumn": 86,
                        "endOffset": 1518
                    }
                }
            },
            {
                "to": {
                    "startLine": 90,
                    "startColumn": 4,
                    "startOffset": 10009,
                    "endColumn": 96,
                    "endOffset": 10101
                },
                "from": {
                    "file": "C:\\Users\\Ming\\AndroidStudioProjects\\CS499APP\\app\\build\\intermediates\\exploded-aar\\com.android.support\\mediarouter-v7\\24.0.0\\res\\values-lt\\values-lt.xml",
                    "position": {
                        "startLine": 17,
                        "startColumn": 4,
                        "startOffset": 1523,
                        "endColumn": 96,
                        "endOffset": 1615
                    }
                }
            },
            {
                "to": {
                    "startLine": 91,
                    "startColumn": 4,
                    "startOffset": 10106,
                    "endColumn": 100,
                    "endOffset": 10202
                },
                "from": {
                    "file": "C:\\Users\\Ming\\AndroidStudioProjects\\CS499APP\\app\\build\\intermediates\\exploded-aar\\com.android.support\\appcompat-v7\\24.1.1\\res\\values-lt\\values-lt.xml",
                    "position": {
                        "startLine": 21,
                        "startColumn": 4,
                        "startOffset": 2057,
                        "endColumn": 100,
                        "endOffset": 2153
                    }
                }
            }
        ]
    }
]