[
    {
        "outputFile": "C:\\Users\\Ming\\AndroidStudioProjects\\CS499APP\\app\\build\\intermediates\\incremental\\mergeDebugResources\\merged.dir\\values-si-rLK\\values-si-rLK.xml",
        "map": [
            {
                "to": {
                    "startLine": 2,
                    "startColumn": 4,
                    "startOffset": 55,
                    "endColumn": 109,
                    "endOffset": 160
                },
                "from": {
                    "file": "C:\\Users\\Ming\\AndroidStudioProjects\\CS499APP\\app\\build\\intermediates\\exploded-aar\\com.android.support\\appcompat-v7\\24.1.1\\res\\values-si-rLK\\values-si-rLK.xml",
                    "position": {
                        "startLine": 2,
                        "startColumn": 4,
                        "startOffset": 55,
                        "endColumn": 109,
                        "endOffset": 160
                    }
                }
            },
            {
                "to": {
                    "startLine": 3,
                    "startColumn": 4,
                    "startOffset": 165,
                    "endColumn": 107,
                    "endOffset": 268
                },
                "from": {
                    "file": "C:\\Users\\Ming\\AndroidStudioProjects\\CS499APP\\app\\build\\intermediates\\exploded-aar\\com.android.support\\appcompat-v7\\24.1.1\\res\\values-si-rLK\\values-si-rLK.xml",
                    "position": {
                        "startLine": 3,
                        "startColumn": 4,
                        "startOffset": 165,
                        "endColumn": 107,
                        "endOffset": 268
                    }
                }
            },
            {
                "to": {
                    "startLine": 4,
                    "startColumn": 4,
                    "startOffset": 273,
                    "endColumn": 122,
                    "endOffset": 391
                },
                "from": {
                    "file": "C:\\Users\\Ming\\AndroidStudioProjects\\CS499APP\\app\\build\\intermediates\\exploded-aar\\com.android.support\\appcompat-v7\\24.1.1\\res\\values-si-rLK\\values-si-rLK.xml",
                    "position": {
                        "startLine": 4,
                        "startColumn": 4,
                        "startOffset": 273,
                        "endColumn": 122,
                        "endOffset": 391
                    }
                }
            },
            {
                "to": {
                    "startLine": 5,
                    "startColumn": 4,
                    "startOffset": 396,
                    "endColumn": 106,
                    "endOffset": 498
                },
                "from": {
                    "file": "C:\\Users\\Ming\\AndroidStudioProjects\\CS499APP\\app\\build\\intermediates\\exploded-aar\\com.android.support\\appcompat-v7\\24.1.1\\res\\values-si-rLK\\values-si-rLK.xml",
                    "position": {
                        "startLine": 5,
                        "startColumn": 4,
                        "startOffset": 396,
                        "endColumn": 106,
                        "endOffset": 498
                    }
                }
            },
            {
                "to": {
                    "startLine": 6,
                    "startColumn": 4,
                    "startOffset": 503,
                    "endColumn": 106,
                    "endOffset": 605
                },
                "from": {
                    "file": "C:\\Users\\Ming\\AndroidStudioProjects\\CS499APP\\app\\build\\intermediates\\exploded-aar\\com.android.support\\appcompat-v7\\24.1.1\\res\\values-si-rLK\\values-si-rLK.xml",
                    "position": {
                        "startLine": 6,
                        "startColumn": 4,
                        "startOffset": 503,
                        "endColumn": 106,
                        "endOffset": 605
                    }
                }
            },
            {
                "to": {
                    "startLine": 7,
                    "startColumn": 4,
                    "startOffset": 610,
                    "endColumn": 87,
                    "endOffset": 693
                },
                "from": {
                    "file": "C:\\Users\\Ming\\AndroidStudioProjects\\CS499APP\\app\\build\\intermediates\\exploded-aar\\com.android.support\\appcompat-v7\\24.1.1\\res\\values-si-rLK\\values-si-rLK.xml",
                    "position": {
                        "startLine": 7,
                        "startColumn": 4,
                        "startOffset": 610,
                        "endColumn": 87,
                        "endOffset": 693
                    }
                }
            },
            {
                "to": {
                    "startLine": 8,
                    "startColumn": 4,
                    "startOffset": 698,
                    "endColumn": 104,
                    "endOffset": 798
                },
                "from": {
                    "file": "C:\\Users\\Ming\\AndroidStudioProjects\\CS499APP\\app\\build\\intermediates\\exploded-aar\\com.android.support\\appcompat-v7\\24.1.1\\res\\values-si-rLK\\values-si-rLK.xml",
                    "position": {
                        "startLine": 8,
                        "startColumn": 4,
                        "startOffset": 698,
                        "endColumn": 104,
                        "endOffset": 798
                    }
                }
            },
            {
                "to": {
                    "startLine": 9,
                    "startColumn": 4,
                    "startOffset": 803,
                    "endColumn": 115,
                    "endOffset": 914
                },
                "from": {
                    "file": "C:\\Users\\Ming\\AndroidStudioProjects\\CS499APP\\app\\build\\intermediates\\exploded-aar\\com.android.support\\appcompat-v7\\24.1.1\\res\\values-si-rLK\\values-si-rLK.xml",
                    "position": {
                        "startLine": 9,
                        "startColumn": 4,
                        "startOffset": 803,
                        "endColumn": 115,
                        "endOffset": 914
                    }
                }
            },
            {
                "to": {
                    "startLine": 10,
                    "startColumn": 4,
                    "startOffset": 919,
                    "endColumn": 88,
                    "endOffset": 1003
                },
                "from": {
                    "file": "C:\\Users\\Ming\\AndroidStudioProjects\\CS499APP\\app\\build\\intermediates\\exploded-aar\\com.android.support\\appcompat-v7\\24.1.1\\res\\values-si-rLK\\values-si-rLK.xml",
                    "position": {
                        "startLine": 10,
                        "startColumn": 4,
                        "startOffset": 919,
                        "endColumn": 88,
                        "endOffset": 1003
                    }
                }
            },
            {
                "to": {
                    "startLine": 11,
                    "startColumn": 4,
                    "startOffset": 1008,
                    "endColumn": 86,
                    "endOffset": 1090
                },
                "from": {
                    "file": "C:\\Users\\Ming\\AndroidStudioProjects\\CS499APP\\app\\build\\intermediates\\exploded-aar\\com.android.support\\appcompat-v7\\24.1.1\\res\\values-si-rLK\\values-si-rLK.xml",
                    "position": {
                        "startLine": 11,
                        "startColumn": 4,
                        "startOffset": 1008,
                        "endColumn": 86,
                        "endOffset": 1090
                    }
                }
            },
            {
                "to": {
                    "startLine": 12,
                    "startColumn": 4,
                    "startOffset": 1095,
                    "endColumn": 83,
                    "endOffset": 1174
                },
                "from": {
                    "file": "C:\\Users\\Ming\\AndroidStudioProjects\\CS499APP\\app\\build\\intermediates\\exploded-aar\\com.android.support\\appcompat-v7\\24.1.1\\res\\values-si-rLK\\values-si-rLK.xml",
                    "position": {
                        "startLine": 12,
                        "startColumn": 4,
                        "startOffset": 1095,
                        "endColumn": 83,
                        "endOffset": 1174
                    }
                }
            },
            {
                "to": {
                    "startLine": 13,
                    "startColumn": 4,
                    "startOffset": 1179,
                    "endColumn": 108,
                    "endOffset": 1283
                },
                "from": {
                    "file": "C:\\Users\\Ming\\AndroidStudioProjects\\CS499APP\\app\\build\\intermediates\\exploded-aar\\com.android.support\\appcompat-v7\\24.1.1\\res\\values-si-rLK\\values-si-rLK.xml",
                    "position": {
                        "startLine": 13,
                        "startColumn": 4,
                        "startOffset": 1179,
                        "endColumn": 108,
                        "endOffset": 1283
                    }
                }
            },
            {
                "to": {
                    "startLine": 14,
                    "startColumn": 4,
                    "startOffset": 1288,
                    "endColumn": 104,
                    "endOffset": 1388
                },
                "from": {
                    "file": "C:\\Users\\Ming\\AndroidStudioProjects\\CS499APP\\app\\build\\intermediates\\exploded-aar\\com.android.support\\appcompat-v7\\24.1.1\\res\\values-si-rLK\\values-si-rLK.xml",
                    "position": {
                        "startLine": 14,
                        "startColumn": 4,
                        "startOffset": 1288,
                        "endColumn": 104,
                        "endOffset": 1388
                    }
                }
            },
            {
                "to": {
                    "startLine": 15,
                    "startColumn": 4,
                    "startOffset": 1393,
                    "endColumn": 97,
                    "endOffset": 1486
                },
                "from": {
                    "file": "C:\\Users\\Ming\\AndroidStudioProjects\\CS499APP\\app\\build\\intermediates\\exploded-aar\\com.android.support\\appcompat-v7\\24.1.1\\res\\values-si-rLK\\values-si-rLK.xml",
                    "position": {
                        "startLine": 15,
                        "startColumn": 4,
                        "startOffset": 1393,
                        "endColumn": 97,
                        "endOffset": 1486
                    }
                }
            },
            {
                "to": {
                    "startLine": 16,
                    "startColumn": 4,
                    "startOffset": 1491,
                    "endColumn": 109,
                    "endOffset": 1596
                },
                "from": {
                    "file": "C:\\Users\\Ming\\AndroidStudioProjects\\CS499APP\\app\\build\\intermediates\\exploded-aar\\com.android.support\\appcompat-v7\\24.1.1\\res\\values-si-rLK\\values-si-rLK.xml",
                    "position": {
                        "startLine": 16,
                        "startColumn": 4,
                        "startOffset": 1491,
                        "endColumn": 109,
                        "endOffset": 1596
                    }
                }
            },
            {
                "to": {
                    "startLine": 17,
                    "startColumn": 4,
                    "startOffset": 1601,
                    "endColumn": 98,
                    "endOffset": 1695
                },
                "from": {
                    "file": "C:\\Users\\Ming\\AndroidStudioProjects\\CS499APP\\app\\build\\intermediates\\exploded-aar\\com.android.support\\appcompat-v7\\24.1.1\\res\\values-si-rLK\\values-si-rLK.xml",
                    "position": {
                        "startLine": 17,
                        "startColumn": 4,
                        "startOffset": 1601,
                        "endColumn": 98,
                        "endOffset": 1695
                    }
                }
            },
            {
                "to": {
                    "startLine": 18,
                    "startColumn": 4,
                    "startOffset": 1700,
                    "endColumn": 105,
                    "endOffset": 1801
                },
                "from": {
                    "file": "C:\\Users\\Ming\\AndroidStudioProjects\\CS499APP\\app\\build\\intermediates\\exploded-aar\\com.android.support\\appcompat-v7\\24.1.1\\res\\values-si-rLK\\values-si-rLK.xml",
                    "position": {
                        "startLine": 18,
                        "startColumn": 4,
                        "startOffset": 1700,
                        "endColumn": 105,
                        "endOffset": 1801
                    }
                }
            },
            {
                "to": {
                    "startLine": 19,
                    "startColumn": 4,
                    "startOffset": 1806,
                    "endColumn": 120,
                    "endOffset": 1922
                },
                "from": {
                    "file": "C:\\Users\\Ming\\AndroidStudioProjects\\CS499APP\\app\\build\\intermediates\\exploded-aar\\com.android.support\\appcompat-v7\\24.1.1\\res\\values-si-rLK\\values-si-rLK.xml",
                    "position": {
                        "startLine": 19,
                        "startColumn": 4,
                        "startOffset": 1806,
                        "endColumn": 120,
                        "endOffset": 1922
                    }
                }
            },
            {
                "to": {
                    "startLine": 20,
                    "startColumn": 4,
                    "startOffset": 1927,
                    "endColumn": 98,
                    "endOffset": 2021
                },
                "from": {
                    "file": "C:\\Users\\Ming\\AndroidStudioProjects\\CS499APP\\app\\build\\intermediates\\exploded-aar\\com.android.support\\appcompat-v7\\24.1.1\\res\\values-si-rLK\\values-si-rLK.xml",
                    "position": {
                        "startLine": 20,
                        "startColumn": 4,
                        "startOffset": 1927,
                        "endColumn": 98,
                        "endOffset": 2021
                    }
                }
            },
            {
                "to": {
                    "startLine": 21,
                    "startColumn": 4,
                    "startOffset": 2026,
                    "endColumn": 100,
                    "endOffset": 2122
                },
                "from": {
                    "file": "C:\\Users\\Ming\\AndroidStudioProjects\\CS499APP\\app\\build\\intermediates\\exploded-aar\\com.android.support\\mediarouter-v7\\24.0.0\\res\\values-si-rLK\\values-si-rLK.xml",
                    "position": {
                        "startLine": 2,
                        "startColumn": 4,
                        "startOffset": 55,
                        "endColumn": 100,
                        "endOffset": 151
                    }
                }
            },
            {
                "to": {
                    "startLine": 22,
                    "startColumn": 4,
                    "startOffset": 2127,
                    "endColumn": 90,
                    "endOffset": 2213
                },
                "from": {
                    "file": "C:\\Users\\Ming\\AndroidStudioProjects\\CS499APP\\app\\build\\intermediates\\exploded-aar\\com.android.support\\mediarouter-v7\\24.0.0\\res\\values-si-rLK\\values-si-rLK.xml",
                    "position": {
                        "startLine": 3,
                        "startColumn": 4,
                        "startOffset": 156,
                        "endColumn": 90,
                        "endOffset": 242
                    }
                }
            },
            {
                "to": {
                    "startLine": 23,
                    "startColumn": 4,
                    "startOffset": 2218,
                    "endColumn": 80,
                    "endOffset": 2294
                },
                "from": {
                    "file": "C:\\Users\\Ming\\AndroidStudioProjects\\CS499APP\\app\\build\\intermediates\\exploded-aar\\com.android.support\\mediarouter-v7\\24.0.0\\res\\values-si-rLK\\values-si-rLK.xml",
                    "position": {
                        "startLine": 4,
                        "startColumn": 4,
                        "startOffset": 247,
                        "endColumn": 80,
                        "endOffset": 323
                    }
                }
            },
            {
                "to": {
                    "startLine": 24,
                    "startColumn": 4,
                    "startOffset": 2299,
                    "endColumn": 92,
                    "endOffset": 2387
                },
                "from": {
                    "file": "C:\\Users\\Ming\\AndroidStudioProjects\\CS499APP\\app\\build\\intermediates\\exploded-aar\\com.android.support\\mediarouter-v7\\24.0.0\\res\\values-si-rLK\\values-si-rLK.xml",
                    "position": {
                        "startLine": 5,
                        "startColumn": 4,
                        "startOffset": 328,
                        "endColumn": 92,
                        "endOffset": 416
                    }
                }
            },
            {
                "to": {
                    "startLine": 25,
                    "startColumn": 4,
                    "startOffset": 2392,
                    "endColumn": 97,
                    "endOffset": 2485
                },
                "from": {
                    "file": "C:\\Users\\Ming\\AndroidStudioProjects\\CS499APP\\app\\build\\intermediates\\exploded-aar\\com.android.support\\mediarouter-v7\\24.0.0\\res\\values-si-rLK\\values-si-rLK.xml",
                    "position": {
                        "startLine": 6,
                        "startColumn": 4,
                        "startOffset": 421,
                        "endColumn": 97,
                        "endOffset": 514
                    }
                }
            },
            {
                "to": {
                    "startLine": 26,
                    "startColumn": 4,
                    "startOffset": 2490,
                    "endColumn": 95,
                    "endOffset": 2581
                },
                "from": {
                    "file": "C:\\Users\\Ming\\AndroidStudioProjects\\CS499APP\\app\\build\\intermediates\\exploded-aar\\com.android.support\\mediarouter-v7\\24.0.0\\res\\values-si-rLK\\values-si-rLK.xml",
                    "position": {
                        "startLine": 7,
                        "startColumn": 4,
                        "startOffset": 519,
                        "endColumn": 95,
                        "endOffset": 610
                    }
                }
            },
            {
                "to": {
                    "startLine": 27,
                    "startColumn": 4,
                    "startOffset": 2586,
                    "endColumn": 94,
                    "endOffset": 2676
                },
                "from": {
                    "file": "C:\\Users\\Ming\\AndroidStudioProjects\\CS499APP\\app\\build\\intermediates\\exploded-aar\\com.android.support\\mediarouter-v7\\24.0.0\\res\\values-si-rLK\\values-si-rLK.xml",
                    "position": {
                        "startLine": 8,
                        "startColumn": 4,
                        "startOffset": 615,
                        "endColumn": 94,
                        "endOffset": 705
                    }
                }
            },
            {
                "to": {
                    "startLine": 28,
                    "startColumn": 4,
                    "startOffset": 2681,
                    "endColumn": 96,
                    "endOffset": 2773
                },
                "from": {
                    "file": "C:\\Users\\Ming\\AndroidStudioProjects\\CS499APP\\app\\build\\intermediates\\exploded-aar\\com.android.support\\mediarouter-v7\\24.0.0\\res\\values-si-rLK\\values-si-rLK.xml",
                    "position": {
                        "startLine": 9,
                        "startColumn": 4,
                        "startOffset": 710,
                        "endColumn": 96,
                        "endOffset": 802
                    }
                }
            },
            {
                "to": {
                    "startLine": 29,
                    "startColumn": 4,
                    "startOffset": 2778,
                    "endColumn": 95,
                    "endOffset": 2869
                },
                "from": {
                    "file": "C:\\Users\\Ming\\AndroidStudioProjects\\CS499APP\\app\\build\\intermediates\\exploded-aar\\com.android.support\\mediarouter-v7\\24.0.0\\res\\values-si-rLK\\values-si-rLK.xml",
                    "position": {
                        "startLine": 10,
                        "startColumn": 4,
                        "startOffset": 807,
                        "endColumn": 95,
                        "endOffset": 898
                    }
                }
            },
            {
                "to": {
                    "startLine": 30,
                    "startColumn": 4,
                    "startOffset": 2874,
                    "endColumn": 115,
                    "endOffset": 2985
                },
                "from": {
                    "file": "C:\\Users\\Ming\\AndroidStudioProjects\\CS499APP\\app\\build\\intermediates\\exploded-aar\\com.android.support\\mediarouter-v7\\24.0.0\\res\\values-si-rLK\\values-si-rLK.xml",
                    "position": {
                        "startLine": 11,
                        "startColumn": 4,
                        "startOffset": 903,
                        "endColumn": 115,
                        "endOffset": 1014
                    }
                }
            },
            {
                "to": {
                    "startLine": 31,
                    "startColumn": 4,
                    "startOffset": 2990,
                    "endColumn": 106,
                    "endOffset": 3092
                },
                "from": {
                    "file": "C:\\Users\\Ming\\AndroidStudioProjects\\CS499APP\\app\\build\\intermediates\\exploded-aar\\com.android.support\\mediarouter-v7\\24.0.0\\res\\values-si-rLK\\values-si-rLK.xml",
                    "position": {
                        "startLine": 12,
                        "startColumn": 4,
                        "startOffset": 1019,
                        "endColumn": 106,
                        "endOffset": 1121
                    }
                }
            },
            {
                "to": {
                    "startLine": 32,
                    "startColumn": 4,
                    "startOffset": 3097,
                    "endColumn": 91,
                    "endOffset": 3184
                },
                "from": {
                    "file": "C:\\Users\\Ming\\AndroidStudioProjects\\CS499APP\\app\\build\\intermediates\\exploded-aar\\com.android.support\\mediarouter-v7\\24.0.0\\res\\values-si-rLK\\values-si-rLK.xml",
                    "position": {
                        "startLine": 13,
                        "startColumn": 4,
                        "startOffset": 1126,
                        "endColumn": 91,
                        "endOffset": 1213
                    }
                }
            },
            {
                "to": {
                    "startLine": 33,
                    "startColumn": 4,
                    "startOffset": 3189,
                    "endColumn": 87,
                    "endOffset": 3272
                },
                "from": {
                    "file": "C:\\Users\\Ming\\AndroidStudioProjects\\CS499APP\\app\\build\\intermediates\\exploded-aar\\com.android.support\\mediarouter-v7\\24.0.0\\res\\values-si-rLK\\values-si-rLK.xml",
                    "position": {
                        "startLine": 14,
                        "startColumn": 4,
                        "startOffset": 1218,
                        "endColumn": 87,
                        "endOffset": 1301
                    }
                }
            },
            {
                "to": {
                    "startLine": 34,
                    "startColumn": 4,
                    "startOffset": 3277,
                    "endColumn": 97,
                    "endOffset": 3370
                },
                "from": {
                    "file": "C:\\Users\\Ming\\AndroidStudioProjects\\CS499APP\\app\\build\\intermediates\\exploded-aar\\com.android.support\\mediarouter-v7\\24.0.0\\res\\values-si-rLK\\values-si-rLK.xml",
                    "position": {
                        "startLine": 15,
                        "startColumn": 4,
                        "startOffset": 1306,
                        "endColumn": 97,
                        "endOffset": 1399
                    }
                }
            },
            {
                "to": {
                    "startLine": 35,
                    "startColumn": 4,
                    "startOffset": 3375,
                    "endColumn": 86,
                    "endOffset": 3457
                },
                "from": {
                    "file": "C:\\Users\\Ming\\AndroidStudioProjects\\CS499APP\\app\\build\\intermediates\\exploded-aar\\com.android.support\\mediarouter-v7\\24.0.0\\res\\values-si-rLK\\values-si-rLK.xml",
                    "position": {
                        "startLine": 16,
                        "startColumn": 4,
                        "startOffset": 1404,
                        "endColumn": 86,
                        "endOffset": 1486
                    }
                }
            },
            {
                "to": {
                    "startLine": 36,
                    "startColumn": 4,
                    "startOffset": 3462,
                    "endColumn": 91,
                    "endOffset": 3549
                },
                "from": {
                    "file": "C:\\Users\\Ming\\AndroidStudioProjects\\CS499APP\\app\\build\\intermediates\\exploded-aar\\com.android.support\\mediarouter-v7\\24.0.0\\res\\values-si-rLK\\values-si-rLK.xml",
                    "position": {
                        "startLine": 17,
                        "startColumn": 4,
                        "startOffset": 1491,
                        "endColumn": 91,
                        "endOffset": 1578
                    }
                }
            },
            {
                "to": {
                    "startLine": 37,
                    "startColumn": 4,
                    "startOffset": 3554,
                    "endColumn": 100,
                    "endOffset": 3650
                },
                "from": {
                    "file": "C:\\Users\\Ming\\AndroidStudioProjects\\CS499APP\\app\\build\\intermediates\\exploded-aar\\com.android.support\\appcompat-v7\\24.1.1\\res\\values-si-rLK\\values-si-rLK.xml",
                    "position": {
                        "startLine": 21,
                        "startColumn": 4,
                        "startOffset": 2026,
                        "endColumn": 100,
                        "endOffset": 2122
                    }
                }
            }
        ]
    }
]