[
    {
        "outputFile": "C:\\Users\\Ming\\AndroidStudioProjects\\CS499APP\\app\\build\\intermediates\\incremental\\mergeDebugResources\\merged.dir\\values-vi\\values-vi.xml",
        "map": [
            {
                "to": {
                    "startLine": 2,
                    "startColumn": 4,
                    "startOffset": 105,
                    "endColumn": 113,
                    "endOffset": 214
                },
                "from": {
                    "file": "C:\\Users\\Ming\\AndroidStudioProjects\\CS499APP\\app\\build\\intermediates\\exploded-aar\\com.android.support\\appcompat-v7\\24.1.1\\res\\values-vi\\values-vi.xml",
                    "position": {
                        "startLine": 2,
                        "startColumn": 4,
                        "startOffset": 55,
                        "endColumn": 113,
                        "endOffset": 164
                    }
                }
            },
            {
                "to": {
                    "startLine": 3,
                    "startColumn": 4,
                    "startOffset": 219,
                    "endColumn": 107,
                    "endOffset": 322
                },
                "from": {
                    "file": "C:\\Users\\Ming\\AndroidStudioProjects\\CS499APP\\app\\build\\intermediates\\exploded-aar\\com.android.support\\appcompat-v7\\24.1.1\\res\\values-vi\\values-vi.xml",
                    "position": {
                        "startLine": 3,
                        "startColumn": 4,
                        "startOffset": 169,
                        "endColumn": 107,
                        "endOffset": 272
                    }
                }
            },
            {
                "to": {
                    "startLine": 4,
                    "startColumn": 4,
                    "startOffset": 327,
                    "endColumn": 122,
                    "endOffset": 445
                },
                "from": {
                    "file": "C:\\Users\\Ming\\AndroidStudioProjects\\CS499APP\\app\\build\\intermediates\\exploded-aar\\com.android.support\\appcompat-v7\\24.1.1\\res\\values-vi\\values-vi.xml",
                    "position": {
                        "startLine": 4,
                        "startColumn": 4,
                        "startOffset": 277,
                        "endColumn": 122,
                        "endOffset": 395
                    }
                }
            },
            {
                "to": {
                    "startLine": 5,
                    "startColumn": 4,
                    "startOffset": 450,
                    "endColumn": 107,
                    "endOffset": 553
                },
                "from": {
                    "file": "C:\\Users\\Ming\\AndroidStudioProjects\\CS499APP\\app\\build\\intermediates\\exploded-aar\\com.android.support\\appcompat-v7\\24.1.1\\res\\values-vi\\values-vi.xml",
                    "position": {
                        "startLine": 5,
                        "startColumn": 4,
                        "startOffset": 400,
                        "endColumn": 107,
                        "endOffset": 503
                    }
                }
            },
            {
                "to": {
                    "startLine": 6,
                    "startColumn": 4,
                    "startOffset": 558,
                    "endColumn": 108,
                    "endOffset": 662
                },
                "from": {
                    "file": "C:\\Users\\Ming\\AndroidStudioProjects\\CS499APP\\app\\build\\intermediates\\exploded-aar\\com.android.support\\appcompat-v7\\24.1.1\\res\\values-vi\\values-vi.xml",
                    "position": {
                        "startLine": 6,
                        "startColumn": 4,
                        "startOffset": 508,
                        "endColumn": 108,
                        "endOffset": 612
                    }
                }
            },
            {
                "to": {
                    "startLine": 7,
                    "startColumn": 4,
                    "startOffset": 667,
                    "endColumn": 83,
                    "endOffset": 746
                },
                "from": {
                    "file": "C:\\Users\\Ming\\AndroidStudioProjects\\CS499APP\\app\\build\\intermediates\\exploded-aar\\com.android.support\\appcompat-v7\\24.1.1\\res\\values-vi\\values-vi.xml",
                    "position": {
                        "startLine": 7,
                        "startColumn": 4,
                        "startOffset": 617,
                        "endColumn": 83,
                        "endOffset": 696
                    }
                }
            },
            {
                "to": {
                    "startLine": 8,
                    "startColumn": 4,
                    "startOffset": 751,
                    "endColumn": 102,
                    "endOffset": 849
                },
                "from": {
                    "file": "C:\\Users\\Ming\\AndroidStudioProjects\\CS499APP\\app\\build\\intermediates\\exploded-aar\\com.android.support\\appcompat-v7\\24.1.1\\res\\values-vi\\values-vi.xml",
                    "position": {
                        "startLine": 8,
                        "startColumn": 4,
                        "startOffset": 701,
                        "endColumn": 102,
                        "endOffset": 799
                    }
                }
            },
            {
                "to": {
                    "startLine": 9,
                    "startColumn": 4,
                    "startOffset": 854,
                    "endColumn": 118,
                    "endOffset": 968
                },
                "from": {
                    "file": "C:\\Users\\Ming\\AndroidStudioProjects\\CS499APP\\app\\build\\intermediates\\exploded-aar\\com.android.support\\appcompat-v7\\24.1.1\\res\\values-vi\\values-vi.xml",
                    "position": {
                        "startLine": 9,
                        "startColumn": 4,
                        "startOffset": 804,
                        "endColumn": 118,
                        "endOffset": 918
                    }
                }
            },
            {
                "to": {
                    "startLine": 10,
                    "startColumn": 4,
                    "startOffset": 973,
                    "endColumn": 76,
                    "endOffset": 1045
                },
                "from": {
                    "file": "C:\\Users\\Ming\\AndroidStudioProjects\\CS499APP\\app\\build\\intermediates\\exploded-aar\\com.android.support\\appcompat-v7\\24.1.1\\res\\values-vi\\values-vi.xml",
                    "position": {
                        "startLine": 10,
                        "startColumn": 4,
                        "startOffset": 923,
                        "endColumn": 76,
                        "endOffset": 995
                    }
                }
            },
            {
                "to": {
                    "startLine": 11,
                    "startColumn": 4,
                    "startOffset": 1050,
                    "endColumn": 76,
                    "endOffset": 1122
                },
                "from": {
                    "file": "C:\\Users\\Ming\\AndroidStudioProjects\\CS499APP\\app\\build\\intermediates\\exploded-aar\\com.android.support\\appcompat-v7\\24.1.1\\res\\values-vi\\values-vi.xml",
                    "position": {
                        "startLine": 11,
                        "startColumn": 4,
                        "startOffset": 1000,
                        "endColumn": 76,
                        "endOffset": 1072
                    }
                }
            },
            {
                "to": {
                    "startLine": 12,
                    "startColumn": 4,
                    "startOffset": 1127,
                    "endColumn": 83,
                    "endOffset": 1206
                },
                "from": {
                    "file": "C:\\Users\\Ming\\AndroidStudioProjects\\CS499APP\\app\\build\\intermediates\\exploded-aar\\com.android.support\\appcompat-v7\\24.1.1\\res\\values-vi\\values-vi.xml",
                    "position": {
                        "startLine": 12,
                        "startColumn": 4,
                        "startOffset": 1077,
                        "endColumn": 83,
                        "endOffset": 1156
                    }
                }
            },
            {
                "to": {
                    "startLine": 13,
                    "startColumn": 4,
                    "startOffset": 1211,
                    "endColumn": 103,
                    "endOffset": 1310
                },
                "from": {
                    "file": "C:\\Users\\Ming\\AndroidStudioProjects\\CS499APP\\app\\build\\intermediates\\exploded-aar\\com.android.support\\appcompat-v7\\24.1.1\\res\\values-vi\\values-vi.xml",
                    "position": {
                        "startLine": 13,
                        "startColumn": 4,
                        "startOffset": 1161,
                        "endColumn": 103,
                        "endOffset": 1260
                    }
                }
            },
            {
                "to": {
                    "startLine": 14,
                    "startColumn": 4,
                    "startOffset": 1315,
                    "endColumn": 108,
                    "endOffset": 1419
                },
                "from": {
                    "file": "C:\\Users\\Ming\\AndroidStudioProjects\\CS499APP\\app\\build\\intermediates\\exploded-aar\\com.android.support\\appcompat-v7\\24.1.1\\res\\values-vi\\values-vi.xml",
                    "position": {
                        "startLine": 14,
                        "startColumn": 4,
                        "startOffset": 1265,
                        "endColumn": 108,
                        "endOffset": 1369
                    }
                }
            },
            {
                "to": {
                    "startLine": 15,
                    "startColumn": 4,
                    "startOffset": 1424,
                    "endColumn": 100,
                    "endOffset": 1520
                },
                "from": {
                    "file": "C:\\Users\\Ming\\AndroidStudioProjects\\CS499APP\\app\\build\\intermediates\\exploded-aar\\com.android.support\\appcompat-v7\\24.1.1\\res\\values-vi\\values-vi.xml",
                    "position": {
                        "startLine": 15,
                        "startColumn": 4,
                        "startOffset": 1374,
                        "endColumn": 100,
                        "endOffset": 1470
                    }
                }
            },
            {
                "to": {
                    "startLine": 16,
                    "startColumn": 4,
                    "startOffset": 1525,
                    "endColumn": 104,
                    "endOffset": 1625
                },
                "from": {
                    "file": "C:\\Users\\Ming\\AndroidStudioProjects\\CS499APP\\app\\build\\intermediates\\exploded-aar\\com.android.support\\appcompat-v7\\24.1.1\\res\\values-vi\\values-vi.xml",
                    "position": {
                        "startLine": 16,
                        "startColumn": 4,
                        "startOffset": 1475,
                        "endColumn": 104,
                        "endOffset": 1575
                    }
                }
            },
            {
                "to": {
                    "startLine": 17,
                    "startColumn": 4,
                    "startOffset": 1630,
                    "endColumn": 113,
                    "endOffset": 1739
                },
                "from": {
                    "file": "C:\\Users\\Ming\\AndroidStudioProjects\\CS499APP\\app\\build\\intermediates\\exploded-aar\\com.android.support\\appcompat-v7\\24.1.1\\res\\values-vi\\values-vi.xml",
                    "position": {
                        "startLine": 17,
                        "startColumn": 4,
                        "startOffset": 1580,
                        "endColumn": 113,
                        "endOffset": 1689
                    }
                }
            },
            {
                "to": {
                    "startLine": 18,
                    "startColumn": 4,
                    "startOffset": 1744,
                    "endColumn": 104,
                    "endOffset": 1844
                },
                "from": {
                    "file": "C:\\Users\\Ming\\AndroidStudioProjects\\CS499APP\\app\\build\\intermediates\\exploded-aar\\com.android.support\\appcompat-v7\\24.1.1\\res\\values-vi\\values-vi.xml",
                    "position": {
                        "startLine": 18,
                        "startColumn": 4,
                        "startOffset": 1694,
                        "endColumn": 104,
                        "endOffset": 1794
                    }
                }
            },
            {
                "to": {
                    "startLine": 19,
                    "startColumn": 4,
                    "startOffset": 1849,
                    "endColumn": 119,
                    "endOffset": 1964
                },
                "from": {
                    "file": "C:\\Users\\Ming\\AndroidStudioProjects\\CS499APP\\app\\build\\intermediates\\exploded-aar\\com.android.support\\appcompat-v7\\24.1.1\\res\\values-vi\\values-vi.xml",
                    "position": {
                        "startLine": 19,
                        "startColumn": 4,
                        "startOffset": 1799,
                        "endColumn": 119,
                        "endOffset": 1914
                    }
                }
            },
            {
                "to": {
                    "startLine": 20,
                    "startColumn": 4,
                    "startOffset": 1969,
                    "endColumn": 98,
                    "endOffset": 2063
                },
                "from": {
                    "file": "C:\\Users\\Ming\\AndroidStudioProjects\\CS499APP\\app\\build\\intermediates\\exploded-aar\\com.android.support\\appcompat-v7\\24.1.1\\res\\values-vi\\values-vi.xml",
                    "position": {
                        "startLine": 20,
                        "startColumn": 4,
                        "startOffset": 1919,
                        "endColumn": 98,
                        "endOffset": 2013
                    }
                }
            },
            {
                "to": {
                    "startLine": 21,
                    "startColumn": 4,
                    "startOffset": 2068,
                    "endColumn": 81,
                    "endOffset": 2145
                },
                "from": {
                    "file": "C:\\Users\\Ming\\AndroidStudioProjects\\CS499APP\\app\\build\\intermediates\\exploded-aar\\com.google.android.gms\\play-services-cast-framework\\9.8.0\\res\\values-vi\\values.xml",
                    "position": {
                        "startLine": 4,
                        "startColumn": 0,
                        "startOffset": 298,
                        "endColumn": 77,
                        "endOffset": 375
                    }
                }
            },
            {
                "to": {
                    "startLine": 22,
                    "startColumn": 4,
                    "startOffset": 2150,
                    "endColumn": 100,
                    "endOffset": 2246
                },
                "from": {
                    "file": "C:\\Users\\Ming\\AndroidStudioProjects\\CS499APP\\app\\build\\intermediates\\exploded-aar\\com.google.android.gms\\play-services-cast-framework\\9.8.0\\res\\values-vi\\values.xml",
                    "position": {
                        "startLine": 5,
                        "startColumn": 0,
                        "startOffset": 376,
                        "endColumn": 96,
                        "endOffset": 472
                    }
                }
            },
            {
                "to": {
                    "startLine": 23,
                    "startColumn": 4,
                    "startOffset": 2251,
                    "endColumn": 94,
                    "endOffset": 2341
                },
                "from": {
                    "file": "C:\\Users\\Ming\\AndroidStudioProjects\\CS499APP\\app\\build\\intermediates\\exploded-aar\\com.google.android.gms\\play-services-cast-framework\\9.8.0\\res\\values-vi\\values.xml",
                    "position": {
                        "startLine": 6,
                        "startColumn": 0,
                        "startOffset": 473,
                        "endColumn": 90,
                        "endOffset": 563
                    }
                }
            },
            {
                "to": {
                    "startLine": 24,
                    "startColumn": 4,
                    "startOffset": 2346,
                    "endColumn": 119,
                    "endOffset": 2461
                },
                "from": {
                    "file": "C:\\Users\\Ming\\AndroidStudioProjects\\CS499APP\\app\\build\\intermediates\\exploded-aar\\com.google.android.gms\\play-services-cast-framework\\9.8.0\\res\\values-vi\\values.xml",
                    "position": {
                        "startLine": 7,
                        "startColumn": 0,
                        "startOffset": 564,
                        "endColumn": 115,
                        "endOffset": 679
                    }
                }
            },
            {
                "to": {
                    "startLine": 25,
                    "startColumn": 4,
                    "startOffset": 2466,
                    "endColumn": 86,
                    "endOffset": 2548
                },
                "from": {
                    "file": "C:\\Users\\Ming\\AndroidStudioProjects\\CS499APP\\app\\build\\intermediates\\exploded-aar\\com.google.android.gms\\play-services-cast-framework\\9.8.0\\res\\values-vi\\values.xml",
                    "position": {
                        "startLine": 8,
                        "startColumn": 0,
                        "startOffset": 680,
                        "endColumn": 82,
                        "endOffset": 762
                    }
                }
            },
            {
                "to": {
                    "startLine": 26,
                    "startColumn": 4,
                    "startOffset": 2553,
                    "endColumn": 130,
                    "endOffset": 2679
                },
                "from": {
                    "file": "C:\\Users\\Ming\\AndroidStudioProjects\\CS499APP\\app\\build\\intermediates\\exploded-aar\\com.google.android.gms\\play-services-cast-framework\\9.8.0\\res\\values-vi\\values.xml",
                    "position": {
                        "startLine": 9,
                        "startColumn": 0,
                        "startOffset": 763,
                        "endColumn": 126,
                        "endOffset": 889
                    }
                }
            },
            {
                "to": {
                    "startLine": 27,
                    "startColumn": 4,
                    "startOffset": 2684,
                    "endColumn": 113,
                    "endOffset": 2793
                },
                "from": {
                    "file": "C:\\Users\\Ming\\AndroidStudioProjects\\CS499APP\\app\\build\\intermediates\\exploded-aar\\com.google.android.gms\\play-services-cast-framework\\9.8.0\\res\\values-vi\\values.xml",
                    "position": {
                        "startLine": 10,
                        "startColumn": 0,
                        "startOffset": 890,
                        "endColumn": 109,
                        "endOffset": 999
                    }
                }
            },
            {
                "to": {
                    "startLine": 28,
                    "startColumn": 4,
                    "startOffset": 2798,
                    "endColumn": 120,
                    "endOffset": 2914
                },
                "from": {
                    "file": "C:\\Users\\Ming\\AndroidStudioProjects\\CS499APP\\app\\build\\intermediates\\exploded-aar\\com.google.android.gms\\play-services-cast-framework\\9.8.0\\res\\values-vi\\values.xml",
                    "position": {
                        "startLine": 11,
                        "startColumn": 0,
                        "startOffset": 1000,
                        "endColumn": 116,
                        "endOffset": 1116
                    }
                }
            },
            {
                "to": {
                    "startLine": 29,
                    "startColumn": 4,
                    "startOffset": 2919,
                    "endColumn": 100,
                    "endOffset": 3015
                },
                "from": {
                    "file": "C:\\Users\\Ming\\AndroidStudioProjects\\CS499APP\\app\\build\\intermediates\\exploded-aar\\com.google.android.gms\\play-services-cast-framework\\9.8.0\\res\\values-vi\\values.xml",
                    "position": {
                        "startLine": 12,
                        "startColumn": 0,
                        "startOffset": 1117,
                        "endColumn": 96,
                        "endOffset": 1213
                    }
                }
            },
            {
                "to": {
                    "startLine": 30,
                    "startColumn": 4,
                    "startOffset": 3020,
                    "endColumn": 103,
                    "endOffset": 3119
                },
                "from": {
                    "file": "C:\\Users\\Ming\\AndroidStudioProjects\\CS499APP\\app\\build\\intermediates\\exploded-aar\\com.google.android.gms\\play-services-cast-framework\\9.8.0\\res\\values-vi\\values.xml",
                    "position": {
                        "startLine": 13,
                        "startColumn": 0,
                        "startOffset": 1214,
                        "endColumn": 99,
                        "endOffset": 1313
                    }
                }
            },
            {
                "to": {
                    "startLine": 31,
                    "startColumn": 4,
                    "startOffset": 3124,
                    "endColumn": 77,
                    "endOffset": 3197
                },
                "from": {
                    "file": "C:\\Users\\Ming\\AndroidStudioProjects\\CS499APP\\app\\build\\intermediates\\exploded-aar\\com.google.android.gms\\play-services-cast-framework\\9.8.0\\res\\values-vi\\values.xml",
                    "position": {
                        "startLine": 14,
                        "startColumn": 0,
                        "startOffset": 1314,
                        "endColumn": 73,
                        "endOffset": 1387
                    }
                }
            },
            {
                "to": {
                    "startLine": 32,
                    "startColumn": 4,
                    "startOffset": 3202,
                    "endColumn": 88,
                    "endOffset": 3286
                },
                "from": {
                    "file": "C:\\Users\\Ming\\AndroidStudioProjects\\CS499APP\\app\\build\\intermediates\\exploded-aar\\com.google.android.gms\\play-services-cast-framework\\9.8.0\\res\\values-vi\\values.xml",
                    "position": {
                        "startLine": 15,
                        "startColumn": 0,
                        "startOffset": 1388,
                        "endColumn": 84,
                        "endOffset": 1472
                    }
                }
            },
            {
                "to": {
                    "startLine": 33,
                    "startColumn": 4,
                    "startOffset": 3291,
                    "endColumn": 88,
                    "endOffset": 3375
                },
                "from": {
                    "file": "C:\\Users\\Ming\\AndroidStudioProjects\\CS499APP\\app\\build\\intermediates\\exploded-aar\\com.google.android.gms\\play-services-cast-framework\\9.8.0\\res\\values-vi\\values.xml",
                    "position": {
                        "startLine": 16,
                        "startColumn": 0,
                        "startOffset": 1473,
                        "endColumn": 84,
                        "endOffset": 1557
                    }
                }
            },
            {
                "to": {
                    "startLine": 34,
                    "startColumn": 4,
                    "startOffset": 3380,
                    "endColumn": 107,
                    "endOffset": 3483
                },
                "from": {
                    "file": "C:\\Users\\Ming\\AndroidStudioProjects\\CS499APP\\app\\build\\intermediates\\exploded-aar\\com.google.android.gms\\play-services-cast-framework\\9.8.0\\res\\values-vi\\values.xml",
                    "position": {
                        "startLine": 17,
                        "startColumn": 0,
                        "startOffset": 1558,
                        "endColumn": 103,
                        "endOffset": 1661
                    }
                }
            },
            {
                "to": {
                    "startLine": 35,
                    "startColumn": 4,
                    "startOffset": 3488,
                    "endColumn": 77,
                    "endOffset": 3561
                },
                "from": {
                    "file": "C:\\Users\\Ming\\AndroidStudioProjects\\CS499APP\\app\\build\\intermediates\\exploded-aar\\com.google.android.gms\\play-services-cast-framework\\9.8.0\\res\\values-vi\\values.xml",
                    "position": {
                        "startLine": 18,
                        "startColumn": 0,
                        "startOffset": 1662,
                        "endColumn": 73,
                        "endOffset": 1735
                    }
                }
            },
            {
                "to": {
                    "startLine": 36,
                    "startColumn": 4,
                    "startOffset": 3566,
                    "endColumn": 138,
                    "endOffset": 3700
                },
                "from": {
                    "file": "C:\\Users\\Ming\\AndroidStudioProjects\\CS499APP\\app\\build\\intermediates\\exploded-aar\\com.google.android.gms\\play-services-cast\\9.8.0\\res\\values-vi\\values.xml",
                    "position": {
                        "startLine": 4,
                        "startColumn": 0,
                        "startOffset": 288,
                        "endColumn": 138,
                        "endOffset": 426
                    }
                }
            },
            {
                "to": {
                    "startLine": 37,
                    "startColumn": 4,
                    "startOffset": 3705,
                    "endColumn": 141,
                    "endOffset": 3842
                },
                "from": {
                    "file": "C:\\Users\\Ming\\AndroidStudioProjects\\CS499APP\\app\\build\\intermediates\\exploded-aar\\com.google.android.gms\\play-services-cast\\9.8.0\\res\\values-vi\\values.xml",
                    "position": {
                        "startLine": 5,
                        "startColumn": 0,
                        "startOffset": 427,
                        "endColumn": 141,
                        "endOffset": 568
                    }
                }
            },
            {
                "to": {
                    "startLine": 38,
                    "startColumn": 4,
                    "startOffset": 3847,
                    "endColumn": 99,
                    "endOffset": 3942
                },
                "from": {
                    "file": "C:\\Users\\Ming\\AndroidStudioProjects\\CS499APP\\app\\build\\intermediates\\exploded-aar\\com.google.android.gms\\play-services-cast\\9.8.0\\res\\values-vi\\values.xml",
                    "position": {
                        "startLine": 6,
                        "startColumn": 0,
                        "startOffset": 569,
                        "endColumn": 95,
                        "endOffset": 664
                    }
                }
            },
            {
                "to": {
                    "startLine": 39,
                    "startColumn": 4,
                    "startOffset": 3947,
                    "endColumn": 77,
                    "endOffset": 4020
                },
                "from": {
                    "file": "C:\\Users\\Ming\\AndroidStudioProjects\\CS499APP\\app\\build\\intermediates\\exploded-aar\\com.google.android.gms\\play-services-cast-framework\\9.8.0\\res\\values-vi\\values.xml",
                    "position": {
                        "startLine": 19,
                        "startColumn": 0,
                        "startOffset": 1736,
                        "endColumn": 73,
                        "endOffset": 1809
                    }
                }
            },
            {
                "to": {
                    "startLine": 40,
                    "startColumn": 4,
                    "startOffset": 4025,
                    "endColumn": 72,
                    "endOffset": 4093
                },
                "from": {
                    "file": "C:\\Users\\Ming\\AndroidStudioProjects\\CS499APP\\app\\build\\intermediates\\exploded-aar\\com.google.android.gms\\play-services-cast-framework\\9.8.0\\res\\values-vi\\values.xml",
                    "position": {
                        "startLine": 20,
                        "startColumn": 0,
                        "startOffset": 1810,
                        "endColumn": 68,
                        "endOffset": 1878
                    }
                }
            },
            {
                "to": {
                    "startLine": 41,
                    "startColumn": 4,
                    "startOffset": 4098,
                    "endColumn": 77,
                    "endOffset": 4171
                },
                "from": {
                    "file": "C:\\Users\\Ming\\AndroidStudioProjects\\CS499APP\\app\\build\\intermediates\\exploded-aar\\com.google.android.gms\\play-services-cast-framework\\9.8.0\\res\\values-vi\\values.xml",
                    "position": {
                        "startLine": 21,
                        "startColumn": 0,
                        "startOffset": 1879,
                        "endColumn": 73,
                        "endOffset": 1952
                    }
                }
            },
            {
                "to": {
                    "startLine": 42,
                    "startColumn": 4,
                    "startOffset": 4176,
                    "endColumn": 88,
                    "endOffset": 4260
                },
                "from": {
                    "file": "C:\\Users\\Ming\\AndroidStudioProjects\\CS499APP\\app\\build\\intermediates\\exploded-aar\\com.google.android.gms\\play-services-cast-framework\\9.8.0\\res\\values-vi\\values.xml",
                    "position": {
                        "startLine": 22,
                        "startColumn": 0,
                        "startOffset": 1953,
                        "endColumn": 84,
                        "endOffset": 2037
                    }
                }
            },
            {
                "to": {
                    "startLine": 43,
                    "startColumn": 4,
                    "startOffset": 4265,
                    "endColumn": 88,
                    "endOffset": 4349
                },
                "from": {
                    "file": "C:\\Users\\Ming\\AndroidStudioProjects\\CS499APP\\app\\build\\intermediates\\exploded-aar\\com.google.android.gms\\play-services-cast-framework\\9.8.0\\res\\values-vi\\values.xml",
                    "position": {
                        "startLine": 23,
                        "startColumn": 0,
                        "startOffset": 2038,
                        "endColumn": 84,
                        "endOffset": 2122
                    }
                }
            },
            {
                "to": {
                    "startLine": 44,
                    "startColumn": 4,
                    "startOffset": 4354,
                    "endColumn": 99,
                    "endOffset": 4449
                },
                "from": {
                    "file": "C:\\Users\\Ming\\AndroidStudioProjects\\CS499APP\\app\\build\\intermediates\\exploded-aar\\com.google.android.gms\\play-services-cast-framework\\9.8.0\\res\\values-vi\\values.xml",
                    "position": {
                        "startLine": 24,
                        "startColumn": 0,
                        "startOffset": 2123,
                        "endColumn": 95,
                        "endOffset": 2218
                    }
                }
            },
            {
                "to": {
                    "startLine": 45,
                    "startColumn": 4,
                    "startOffset": 4454,
                    "endColumn": 97,
                    "endOffset": 4547
                },
                "from": {
                    "file": "C:\\Users\\Ming\\AndroidStudioProjects\\CS499APP\\app\\build\\intermediates\\exploded-aar\\com.google.android.gms\\play-services-cast-framework\\9.8.0\\res\\values-vi\\values.xml",
                    "position": {
                        "startLine": 25,
                        "startColumn": 0,
                        "startOffset": 2219,
                        "endColumn": 93,
                        "endOffset": 2312
                    }
                }
            },
            {
                "to": {
                    "startLine": 46,
                    "startColumn": 4,
                    "startOffset": 4552,
                    "endColumn": 93,
                    "endOffset": 4641
                },
                "from": {
                    "file": "C:\\Users\\Ming\\AndroidStudioProjects\\CS499APP\\app\\build\\intermediates\\exploded-aar\\com.google.android.gms\\play-services-cast-framework\\9.8.0\\res\\values-vi\\values.xml",
                    "position": {
                        "startLine": 26,
                        "startColumn": 0,
                        "startOffset": 2313,
                        "endColumn": 89,
                        "endOffset": 2402
                    }
                }
            },
            {
                "to": {
                    "startLine": 47,
                    "startColumn": 4,
                    "startOffset": 4646,
                    "endColumn": 72,
                    "endOffset": 4714
                },
                "from": {
                    "file": "C:\\Users\\Ming\\AndroidStudioProjects\\CS499APP\\app\\build\\intermediates\\exploded-aar\\com.google.android.gms\\play-services-cast-framework\\9.8.0\\res\\values-vi\\values.xml",
                    "position": {
                        "startLine": 27,
                        "startColumn": 0,
                        "startOffset": 2403,
                        "endColumn": 68,
                        "endOffset": 2471
                    }
                }
            },
            {
                "to": {
                    "startLine": 48,
                    "startColumn": 4,
                    "startOffset": 4719,
                    "endColumn": 100,
                    "endOffset": 4815
                },
                "from": {
                    "file": "C:\\Users\\Ming\\AndroidStudioProjects\\CS499APP\\app\\build\\intermediates\\exploded-aar\\com.google.android.gms\\play-services-cast-framework\\9.8.0\\res\\values-vi\\values.xml",
                    "position": {
                        "startLine": 28,
                        "startColumn": 0,
                        "startOffset": 2472,
                        "endColumn": 96,
                        "endOffset": 2568
                    }
                }
            },
            {
                "to": {
                    "startLine": 49,
                    "startColumn": 4,
                    "startOffset": 4820,
                    "endColumn": 99,
                    "endOffset": 4915
                },
                "from": {
                    "file": "C:\\Users\\Ming\\AndroidStudioProjects\\CS499APP\\app\\build\\intermediates\\exploded-aar\\com.google.android.gms\\play-services-cast-framework\\9.8.0\\res\\values-vi\\values.xml",
                    "position": {
                        "startLine": 29,
                        "startColumn": 0,
                        "startOffset": 2569,
                        "endColumn": 95,
                        "endOffset": 2664
                    }
                }
            },
            {
                "to": {
                    "startLine": 50,
                    "startColumn": 4,
                    "startOffset": 4920,
                    "endColumn": 95,
                    "endOffset": 5011
                },
                "from": {
                    "file": "C:\\Users\\Ming\\AndroidStudioProjects\\CS499APP\\app\\build\\intermediates\\exploded-aar\\com.google.android.gms\\play-services-cast-framework\\9.8.0\\res\\values-vi\\values.xml",
                    "position": {
                        "startLine": 30,
                        "startColumn": 0,
                        "startOffset": 2665,
                        "endColumn": 91,
                        "endOffset": 2756
                    }
                }
            },
            {
                "to": {
                    "startLine": 51,
                    "startColumn": 4,
                    "startOffset": 5016,
                    "endColumn": 146,
                    "endOffset": 5158
                },
                "from": {
                    "file": "C:\\Users\\Ming\\AndroidStudioProjects\\CS499APP\\app\\build\\intermediates\\exploded-aar\\com.google.android.gms\\play-services-cast-framework\\9.8.0\\res\\values-vi\\values.xml",
                    "position": {
                        "startLine": 31,
                        "startColumn": 0,
                        "startOffset": 2757,
                        "endColumn": 146,
                        "endOffset": 2903
                    }
                }
            },
            {
                "to": {
                    "startLine": 52,
                    "startColumn": 4,
                    "startOffset": 5163,
                    "endColumn": 126,
                    "endOffset": 5285
                },
                "from": {
                    "file": "C:\\Users\\Ming\\AndroidStudioProjects\\CS499APP\\app\\build\\intermediates\\exploded-aar\\com.google.android.gms\\play-services-cast-framework\\9.8.0\\res\\values-vi\\values.xml",
                    "position": {
                        "startLine": 32,
                        "startColumn": 0,
                        "startOffset": 2904,
                        "endColumn": 122,
                        "endOffset": 3026
                    }
                }
            },
            {
                "to": {
                    "startLine": 53,
                    "startColumn": 4,
                    "startOffset": 5290,
                    "endColumn": 120,
                    "endOffset": 5406
                },
                "from": {
                    "file": "C:\\Users\\Ming\\AndroidStudioProjects\\CS499APP\\app\\build\\intermediates\\exploded-aar\\com.google.android.gms\\play-services-cast-framework\\9.8.0\\res\\values-vi\\values.xml",
                    "position": {
                        "startLine": 33,
                        "startColumn": 0,
                        "startOffset": 3027,
                        "endColumn": 116,
                        "endOffset": 3143
                    }
                }
            },
            {
                "to": {
                    "startLine": 54,
                    "startColumn": 4,
                    "startOffset": 5411,
                    "endColumn": 101,
                    "endOffset": 5508
                },
                "from": {
                    "file": "C:\\Users\\Ming\\AndroidStudioProjects\\CS499APP\\app\\build\\intermediates\\exploded-aar\\com.google.android.gms\\play-services-cast-framework\\9.8.0\\res\\values-vi\\values.xml",
                    "position": {
                        "startLine": 34,
                        "startColumn": 0,
                        "startOffset": 3144,
                        "endColumn": 97,
                        "endOffset": 3241
                    }
                }
            },
            {
                "to": {
                    "startLine": 55,
                    "startColumn": 4,
                    "startOffset": 5513,
                    "endColumn": 90,
                    "endOffset": 5599
                },
                "from": {
                    "file": "C:\\Users\\Ming\\AndroidStudioProjects\\CS499APP\\app\\build\\intermediates\\exploded-aar\\com.google.android.gms\\play-services-cast-framework\\9.8.0\\res\\values-vi\\values.xml",
                    "position": {
                        "startLine": 35,
                        "startColumn": 0,
                        "startOffset": 3242,
                        "endColumn": 86,
                        "endOffset": 3328
                    }
                }
            },
            {
                "to": {
                    "startLine": 56,
                    "startColumn": 4,
                    "startOffset": 5604,
                    "endColumn": 101,
                    "endOffset": 5701
                },
                "from": {
                    "file": "C:\\Users\\Ming\\AndroidStudioProjects\\CS499APP\\app\\build\\intermediates\\exploded-aar\\com.google.android.gms\\play-services-cast-framework\\9.8.0\\res\\values-vi\\values.xml",
                    "position": {
                        "startLine": 36,
                        "startColumn": 0,
                        "startOffset": 3329,
                        "endColumn": 97,
                        "endOffset": 3426
                    }
                }
            },
            {
                "to": {
                    "startLine": 57,
                    "startColumn": 4,
                    "startOffset": 5706,
                    "endColumn": 79,
                    "endOffset": 5781
                },
                "from": {
                    "file": "C:\\Users\\Ming\\AndroidStudioProjects\\CS499APP\\app\\build\\intermediates\\exploded-aar\\com.google.android.gms\\play-services-cast-framework\\9.8.0\\res\\values-vi\\values.xml",
                    "position": {
                        "startLine": 37,
                        "startColumn": 0,
                        "startOffset": 3427,
                        "endColumn": 75,
                        "endOffset": 3502
                    }
                }
            },
            {
                "to": {
                    "startLine": 58,
                    "startColumn": 4,
                    "startOffset": 5786,
                    "endColumn": 103,
                    "endOffset": 5885
                },
                "from": {
                    "file": "C:\\Users\\Ming\\AndroidStudioProjects\\CS499APP\\app\\build\\intermediates\\exploded-aar\\com.google.android.gms\\play-services-base\\9.8.0\\res\\values-vi\\values.xml",
                    "position": {
                        "startLine": 4,
                        "startColumn": 0,
                        "startOffset": 283,
                        "endColumn": 99,
                        "endOffset": 382
                    }
                }
            },
            {
                "to": {
                    "startLine": 59,
                    "startColumn": 4,
                    "startOffset": 5890,
                    "endColumn": 193,
                    "endOffset": 6079
                },
                "from": {
                    "file": "C:\\Users\\Ming\\AndroidStudioProjects\\CS499APP\\app\\build\\intermediates\\exploded-aar\\com.google.android.gms\\play-services-base\\9.8.0\\res\\values-vi\\values.xml",
                    "position": {
                        "startLine": 5,
                        "startColumn": 0,
                        "startOffset": 383,
                        "endColumn": 193,
                        "endOffset": 576
                    }
                }
            },
            {
                "to": {
                    "startLine": 60,
                    "startColumn": 4,
                    "startOffset": 6084,
                    "endColumn": 126,
                    "endOffset": 6206
                },
                "from": {
                    "file": "C:\\Users\\Ming\\AndroidStudioProjects\\CS499APP\\app\\build\\intermediates\\exploded-aar\\com.google.android.gms\\play-services-base\\9.8.0\\res\\values-vi\\values.xml",
                    "position": {
                        "startLine": 6,
                        "startColumn": 0,
                        "startOffset": 577,
                        "endColumn": 122,
                        "endOffset": 699
                    }
                }
            },
            {
                "to": {
                    "startLine": 61,
                    "startColumn": 4,
                    "startOffset": 6211,
                    "endColumn": 108,
                    "endOffset": 6315
                },
                "from": {
                    "file": "C:\\Users\\Ming\\AndroidStudioProjects\\CS499APP\\app\\build\\intermediates\\exploded-aar\\com.google.android.gms\\play-services-base\\9.8.0\\res\\values-vi\\values.xml",
                    "position": {
                        "startLine": 7,
                        "startColumn": 0,
                        "startOffset": 700,
                        "endColumn": 104,
                        "endOffset": 804
                    }
                }
            },
            {
                "to": {
                    "startLine": 62,
                    "startColumn": 4,
                    "startOffset": 6320,
                    "endColumn": 223,
                    "endOffset": 6539
                },
                "from": {
                    "file": "C:\\Users\\Ming\\AndroidStudioProjects\\CS499APP\\app\\build\\intermediates\\exploded-aar\\com.google.android.gms\\play-services-base\\9.8.0\\res\\values-vi\\values.xml",
                    "position": {
                        "startLine": 8,
                        "startColumn": 0,
                        "startOffset": 805,
                        "endColumn": 223,
                        "endOffset": 1028
                    }
                }
            },
            {
                "to": {
                    "startLine": 63,
                    "startColumn": 4,
                    "startOffset": 6544,
                    "endColumn": 131,
                    "endOffset": 6671
                },
                "from": {
                    "file": "C:\\Users\\Ming\\AndroidStudioProjects\\CS499APP\\app\\build\\intermediates\\exploded-aar\\com.google.android.gms\\play-services-base\\9.8.0\\res\\values-vi\\values.xml",
                    "position": {
                        "startLine": 9,
                        "startColumn": 0,
                        "startOffset": 1029,
                        "endColumn": 127,
                        "endOffset": 1156
                    }
                }
            },
            {
                "to": {
                    "startLine": 64,
                    "startColumn": 4,
                    "startOffset": 6676,
                    "endColumn": 132,
                    "endOffset": 6804
                },
                "from": {
                    "file": "C:\\Users\\Ming\\AndroidStudioProjects\\CS499APP\\app\\build\\intermediates\\exploded-aar\\com.google.android.gms\\play-services-base\\9.8.0\\res\\values-vi\\values.xml",
                    "position": {
                        "startLine": 10,
                        "startColumn": 0,
                        "startOffset": 1157,
                        "endColumn": 128,
                        "endOffset": 1285
                    }
                }
            },
            {
                "to": {
                    "startLine": 65,
                    "startColumn": 4,
                    "startOffset": 6809,
                    "endColumn": 194,
                    "endOffset": 6999
                },
                "from": {
                    "file": "C:\\Users\\Ming\\AndroidStudioProjects\\CS499APP\\app\\build\\intermediates\\exploded-aar\\com.google.android.gms\\play-services-basement\\9.8.0\\res\\values-vi\\values.xml",
                    "position": {
                        "startLine": 4,
                        "startColumn": 0,
                        "startOffset": 285,
                        "endColumn": 194,
                        "endOffset": 479
                    }
                }
            },
            {
                "to": {
                    "startLine": 66,
                    "startColumn": 4,
                    "startOffset": 7004,
                    "endColumn": 239,
                    "endOffset": 7239
                },
                "from": {
                    "file": "C:\\Users\\Ming\\AndroidStudioProjects\\CS499APP\\app\\build\\intermediates\\exploded-aar\\com.google.android.gms\\play-services-base\\9.8.0\\res\\values-vi\\values.xml",
                    "position": {
                        "startLine": 11,
                        "startColumn": 0,
                        "startOffset": 1286,
                        "endColumn": 239,
                        "endOffset": 1525
                    }
                }
            },
            {
                "to": {
                    "startLine": 67,
                    "startColumn": 4,
                    "startOffset": 7244,
                    "endColumn": 108,
                    "endOffset": 7348
                },
                "from": {
                    "file": "C:\\Users\\Ming\\AndroidStudioProjects\\CS499APP\\app\\build\\intermediates\\exploded-aar\\com.google.android.gms\\play-services-base\\9.8.0\\res\\values-vi\\values.xml",
                    "position": {
                        "startLine": 12,
                        "startColumn": 0,
                        "startOffset": 1526,
                        "endColumn": 104,
                        "endOffset": 1630
                    }
                }
            },
            {
                "to": {
                    "startLine": 68,
                    "startColumn": 4,
                    "startOffset": 7353,
                    "endColumn": 191,
                    "endOffset": 7540
                },
                "from": {
                    "file": "C:\\Users\\Ming\\AndroidStudioProjects\\CS499APP\\app\\build\\intermediates\\exploded-aar\\com.google.android.gms\\play-services-base\\9.8.0\\res\\values-vi\\values.xml",
                    "position": {
                        "startLine": 13,
                        "startColumn": 0,
                        "startOffset": 1631,
                        "endColumn": 191,
                        "endOffset": 1822
                    }
                }
            },
            {
                "to": {
                    "startLine": 69,
                    "startColumn": 4,
                    "startOffset": 7545,
                    "endColumn": 131,
                    "endOffset": 7672
                },
                "from": {
                    "file": "C:\\Users\\Ming\\AndroidStudioProjects\\CS499APP\\app\\build\\intermediates\\exploded-aar\\com.google.android.gms\\play-services-base\\9.8.0\\res\\values-vi\\values.xml",
                    "position": {
                        "startLine": 14,
                        "startColumn": 0,
                        "startOffset": 1823,
                        "endColumn": 127,
                        "endOffset": 1950
                    }
                }
            },
            {
                "to": {
                    "startLine": 70,
                    "startColumn": 4,
                    "startOffset": 7677,
                    "endColumn": 217,
                    "endOffset": 7890
                },
                "from": {
                    "file": "C:\\Users\\Ming\\AndroidStudioProjects\\CS499APP\\app\\build\\intermediates\\exploded-aar\\com.google.android.gms\\play-services-base\\9.8.0\\res\\values-vi\\values.xml",
                    "position": {
                        "startLine": 15,
                        "startColumn": 0,
                        "startOffset": 1951,
                        "endColumn": 217,
                        "endOffset": 2168
                    }
                }
            },
            {
                "to": {
                    "startLine": 71,
                    "startColumn": 4,
                    "startOffset": 7895,
                    "endColumn": 178,
                    "endOffset": 8069
                },
                "from": {
                    "file": "C:\\Users\\Ming\\AndroidStudioProjects\\CS499APP\\app\\build\\intermediates\\exploded-aar\\com.google.android.gms\\play-services-base\\9.8.0\\res\\values-vi\\values.xml",
                    "position": {
                        "startLine": 16,
                        "startColumn": 0,
                        "startOffset": 2169,
                        "endColumn": 174,
                        "endOffset": 2343
                    }
                }
            },
            {
                "to": {
                    "startLine": 72,
                    "startColumn": 4,
                    "startOffset": 8074,
                    "endColumn": 97,
                    "endOffset": 8167
                },
                "from": {
                    "file": "C:\\Users\\Ming\\AndroidStudioProjects\\CS499APP\\app\\build\\intermediates\\exploded-aar\\com.google.android.gms\\play-services-base\\9.8.0\\res\\values-vi\\values.xml",
                    "position": {
                        "startLine": 17,
                        "startColumn": 0,
                        "startOffset": 2344,
                        "endColumn": 93,
                        "endOffset": 2437
                    }
                }
            },
            {
                "to": {
                    "startLine": 73,
                    "startColumn": 4,
                    "startOffset": 8172,
                    "endColumn": 93,
                    "endOffset": 8261
                },
                "from": {
                    "file": "C:\\Users\\Ming\\AndroidStudioProjects\\CS499APP\\app\\build\\intermediates\\exploded-aar\\com.google.android.gms\\play-services-base\\9.8.0\\res\\values-vi\\values.xml",
                    "position": {
                        "startLine": 18,
                        "startColumn": 0,
                        "startOffset": 2438,
                        "endColumn": 89,
                        "endOffset": 2527
                    }
                }
            },
            {
                "to": {
                    "startLine": 74,
                    "startColumn": 4,
                    "startOffset": 8266,
                    "endColumn": 109,
                    "endOffset": 8371
                },
                "from": {
                    "file": "C:\\Users\\Ming\\AndroidStudioProjects\\CS499APP\\app\\build\\intermediates\\exploded-aar\\com.google.android.gms\\play-services-base\\9.8.0\\res\\values-vi\\values.xml",
                    "position": {
                        "startLine": 19,
                        "startColumn": 0,
                        "startOffset": 2528,
                        "endColumn": 105,
                        "endOffset": 2633
                    }
                }
            },
            {
                "to": {
                    "startLine": 75,
                    "startColumn": 4,
                    "startOffset": 8376,
                    "endColumn": 98,
                    "endOffset": 8470
                },
                "from": {
                    "file": "C:\\Users\\Ming\\AndroidStudioProjects\\CS499APP\\app\\build\\intermediates\\exploded-aar\\com.android.support\\mediarouter-v7\\24.0.0\\res\\values-vi\\values-vi.xml",
                    "position": {
                        "startLine": 2,
                        "startColumn": 4,
                        "startOffset": 55,
                        "endColumn": 98,
                        "endOffset": 149
                    }
                }
            },
            {
                "to": {
                    "startLine": 76,
                    "startColumn": 4,
                    "startOffset": 8475,
                    "endColumn": 91,
                    "endOffset": 8562
                },
                "from": {
                    "file": "C:\\Users\\Ming\\AndroidStudioProjects\\CS499APP\\app\\build\\intermediates\\exploded-aar\\com.android.support\\mediarouter-v7\\24.0.0\\res\\values-vi\\values-vi.xml",
                    "position": {
                        "startLine": 3,
                        "startColumn": 4,
                        "startOffset": 154,
                        "endColumn": 91,
                        "endOffset": 241
                    }
                }
            },
            {
                "to": {
                    "startLine": 77,
                    "startColumn": 4,
                    "startOffset": 8567,
                    "endColumn": 84,
                    "endOffset": 8647
                },
                "from": {
                    "file": "C:\\Users\\Ming\\AndroidStudioProjects\\CS499APP\\app\\build\\intermediates\\exploded-aar\\com.android.support\\mediarouter-v7\\24.0.0\\res\\values-vi\\values-vi.xml",
                    "position": {
                        "startLine": 4,
                        "startColumn": 4,
                        "startOffset": 246,
                        "endColumn": 84,
                        "endOffset": 326
                    }
                }
            },
            {
                "to": {
                    "startLine": 78,
                    "startColumn": 4,
                    "startOffset": 8652,
                    "endColumn": 95,
                    "endOffset": 8743
                },
                "from": {
                    "file": "C:\\Users\\Ming\\AndroidStudioProjects\\CS499APP\\app\\build\\intermediates\\exploded-aar\\com.android.support\\mediarouter-v7\\24.0.0\\res\\values-vi\\values-vi.xml",
                    "position": {
                        "startLine": 5,
                        "startColumn": 4,
                        "startOffset": 331,
                        "endColumn": 95,
                        "endOffset": 422
                    }
                }
            },
            {
                "to": {
                    "startLine": 79,
                    "startColumn": 4,
                    "startOffset": 8748,
                    "endColumn": 107,
                    "endOffset": 8851
                },
                "from": {
                    "file": "C:\\Users\\Ming\\AndroidStudioProjects\\CS499APP\\app\\build\\intermediates\\exploded-aar\\com.android.support\\mediarouter-v7\\24.0.0\\res\\values-vi\\values-vi.xml",
                    "position": {
                        "startLine": 6,
                        "startColumn": 4,
                        "startOffset": 427,
                        "endColumn": 107,
                        "endOffset": 530
                    }
                }
            },
            {
                "to": {
                    "startLine": 80,
                    "startColumn": 4,
                    "startOffset": 8856,
                    "endColumn": 94,
                    "endOffset": 8946
                },
                "from": {
                    "file": "C:\\Users\\Ming\\AndroidStudioProjects\\CS499APP\\app\\build\\intermediates\\exploded-aar\\com.android.support\\mediarouter-v7\\24.0.0\\res\\values-vi\\values-vi.xml",
                    "position": {
                        "startLine": 7,
                        "startColumn": 4,
                        "startOffset": 535,
                        "endColumn": 94,
                        "endOffset": 625
                    }
                }
            },
            {
                "to": {
                    "startLine": 81,
                    "startColumn": 4,
                    "startOffset": 8951,
                    "endColumn": 94,
                    "endOffset": 9041
                },
                "from": {
                    "file": "C:\\Users\\Ming\\AndroidStudioProjects\\CS499APP\\app\\build\\intermediates\\exploded-aar\\com.android.support\\mediarouter-v7\\24.0.0\\res\\values-vi\\values-vi.xml",
                    "position": {
                        "startLine": 8,
                        "startColumn": 4,
                        "startOffset": 630,
                        "endColumn": 94,
                        "endOffset": 720
                    }
                }
            },
            {
                "to": {
                    "startLine": 82,
                    "startColumn": 4,
                    "startOffset": 9046,
                    "endColumn": 95,
                    "endOffset": 9137
                },
                "from": {
                    "file": "C:\\Users\\Ming\\AndroidStudioProjects\\CS499APP\\app\\build\\intermediates\\exploded-aar\\com.android.support\\mediarouter-v7\\24.0.0\\res\\values-vi\\values-vi.xml",
                    "position": {
                        "startLine": 9,
                        "startColumn": 4,
                        "startOffset": 725,
                        "endColumn": 95,
                        "endOffset": 816
                    }
                }
            },
            {
                "to": {
                    "startLine": 83,
                    "startColumn": 4,
                    "startOffset": 9142,
                    "endColumn": 92,
                    "endOffset": 9230
                },
                "from": {
                    "file": "C:\\Users\\Ming\\AndroidStudioProjects\\CS499APP\\app\\build\\intermediates\\exploded-aar\\com.android.support\\mediarouter-v7\\24.0.0\\res\\values-vi\\values-vi.xml",
                    "position": {
                        "startLine": 10,
                        "startColumn": 4,
                        "startOffset": 821,
                        "endColumn": 92,
                        "endOffset": 909
                    }
                }
            },
            {
                "to": {
                    "startLine": 84,
                    "startColumn": 4,
                    "startOffset": 9235,
                    "endColumn": 112,
                    "endOffset": 9343
                },
                "from": {
                    "file": "C:\\Users\\Ming\\AndroidStudioProjects\\CS499APP\\app\\build\\intermediates\\exploded-aar\\com.android.support\\mediarouter-v7\\24.0.0\\res\\values-vi\\values-vi.xml",
                    "position": {
                        "startLine": 11,
                        "startColumn": 4,
                        "startOffset": 914,
                        "endColumn": 112,
                        "endOffset": 1022
                    }
                }
            },
            {
                "to": {
                    "startLine": 85,
                    "startColumn": 4,
                    "startOffset": 9348,
                    "endColumn": 124,
                    "endOffset": 9468
                },
                "from": {
                    "file": "C:\\Users\\Ming\\AndroidStudioProjects\\CS499APP\\app\\build\\intermediates\\exploded-aar\\com.android.support\\mediarouter-v7\\24.0.0\\res\\values-vi\\values-vi.xml",
                    "position": {
                        "startLine": 12,
                        "startColumn": 4,
                        "startOffset": 1027,
                        "endColumn": 124,
                        "endOffset": 1147
                    }
                }
            },
            {
                "to": {
                    "startLine": 86,
                    "startColumn": 4,
                    "startOffset": 9473,
                    "endColumn": 86,
                    "endOffset": 9555
                },
                "from": {
                    "file": "C:\\Users\\Ming\\AndroidStudioProjects\\CS499APP\\app\\build\\intermediates\\exploded-aar\\com.android.support\\mediarouter-v7\\24.0.0\\res\\values-vi\\values-vi.xml",
                    "position": {
                        "startLine": 13,
                        "startColumn": 4,
                        "startOffset": 1152,
                        "endColumn": 86,
                        "endOffset": 1234
                    }
                }
            },
            {
                "to": {
                    "startLine": 87,
                    "startColumn": 4,
                    "startOffset": 9560,
                    "endColumn": 80,
                    "endOffset": 9636
                },
                "from": {
                    "file": "C:\\Users\\Ming\\AndroidStudioProjects\\CS499APP\\app\\build\\intermediates\\exploded-aar\\com.android.support\\mediarouter-v7\\24.0.0\\res\\values-vi\\values-vi.xml",
                    "position": {
                        "startLine": 14,
                        "startColumn": 4,
                        "startOffset": 1239,
                        "endColumn": 80,
                        "endOffset": 1315
                    }
                }
            },
            {
                "to": {
                    "startLine": 88,
                    "startColumn": 4,
                    "startOffset": 9641,
                    "endColumn": 88,
                    "endOffset": 9725
                },
                "from": {
                    "file": "C:\\Users\\Ming\\AndroidStudioProjects\\CS499APP\\app\\build\\intermediates\\exploded-aar\\com.android.support\\mediarouter-v7\\24.0.0\\res\\values-vi\\values-vi.xml",
                    "position": {
                        "startLine": 15,
                        "startColumn": 4,
                        "startOffset": 1320,
                        "endColumn": 88,
                        "endOffset": 1404
                    }
                }
            },
            {
                "to": {
                    "startLine": 89,
                    "startColumn": 4,
                    "startOffset": 9730,
                    "endColumn": 87,
                    "endOffset": 9813
                },
                "from": {
                    "file": "C:\\Users\\Ming\\AndroidStudioProjects\\CS499APP\\app\\build\\intermediates\\exploded-aar\\com.android.support\\mediarouter-v7\\24.0.0\\res\\values-vi\\values-vi.xml",
                    "position": {
                        "startLine": 16,
                        "startColumn": 4,
                        "startOffset": 1409,
                        "endColumn": 87,
                        "endOffset": 1492
                    }
                }
            },
            {
                "to": {
                    "startLine": 90,
                    "startColumn": 4,
                    "startOffset": 9818,
                    "endColumn": 94,
                    "endOffset": 9908
                },
                "from": {
                    "file": "C:\\Users\\Ming\\AndroidStudioProjects\\CS499APP\\app\\build\\intermediates\\exploded-aar\\com.android.support\\mediarouter-v7\\24.0.0\\res\\values-vi\\values-vi.xml",
                    "position": {
                        "startLine": 17,
                        "startColumn": 4,
                        "startOffset": 1497,
                        "endColumn": 94,
                        "endOffset": 1587
                    }
                }
            },
            {
                "to": {
                    "startLine": 91,
                    "startColumn": 4,
                    "startOffset": 9913,
                    "endColumn": 100,
                    "endOffset": 10009
                },
                "from": {
                    "file": "C:\\Users\\Ming\\AndroidStudioProjects\\CS499APP\\app\\build\\intermediates\\exploded-aar\\com.android.support\\appcompat-v7\\24.1.1\\res\\values-vi\\values-vi.xml",
                    "position": {
                        "startLine": 21,
                        "startColumn": 4,
                        "startOffset": 2018,
                        "endColumn": 100,
                        "endOffset": 2114
                    }
                }
            }
        ]
    }
]