[
    {
        "outputFile": "C:\\Users\\Ming\\AndroidStudioProjects\\CS499APP\\app\\build\\intermediates\\incremental\\mergeDebugResources\\merged.dir\\values-ro\\values-ro.xml",
        "map": [
            {
                "to": {
                    "startLine": 2,
                    "startColumn": 4,
                    "startOffset": 105,
                    "endColumn": 120,
                    "endOffset": 221
                },
                "from": {
                    "file": "C:\\Users\\Ming\\AndroidStudioProjects\\CS499APP\\app\\build\\intermediates\\exploded-aar\\com.android.support\\appcompat-v7\\24.1.1\\res\\values-ro\\values-ro.xml",
                    "position": {
                        "startLine": 2,
                        "startColumn": 4,
                        "startOffset": 55,
                        "endColumn": 120,
                        "endOffset": 171
                    }
                }
            },
            {
                "to": {
                    "startLine": 3,
                    "startColumn": 4,
                    "startOffset": 226,
                    "endColumn": 107,
                    "endOffset": 329
                },
                "from": {
                    "file": "C:\\Users\\Ming\\AndroidStudioProjects\\CS499APP\\app\\build\\intermediates\\exploded-aar\\com.android.support\\appcompat-v7\\24.1.1\\res\\values-ro\\values-ro.xml",
                    "position": {
                        "startLine": 3,
                        "startColumn": 4,
                        "startOffset": 176,
                        "endColumn": 107,
                        "endOffset": 279
                    }
                }
            },
            {
                "to": {
                    "startLine": 4,
                    "startColumn": 4,
                    "startOffset": 334,
                    "endColumn": 122,
                    "endOffset": 452
                },
                "from": {
                    "file": "C:\\Users\\Ming\\AndroidStudioProjects\\CS499APP\\app\\build\\intermediates\\exploded-aar\\com.android.support\\appcompat-v7\\24.1.1\\res\\values-ro\\values-ro.xml",
                    "position": {
                        "startLine": 4,
                        "startColumn": 4,
                        "startOffset": 284,
                        "endColumn": 122,
                        "endOffset": 402
                    }
                }
            },
            {
                "to": {
                    "startLine": 5,
                    "startColumn": 4,
                    "startOffset": 457,
                    "endColumn": 103,
                    "endOffset": 556
                },
                "from": {
                    "file": "C:\\Users\\Ming\\AndroidStudioProjects\\CS499APP\\app\\build\\intermediates\\exploded-aar\\com.android.support\\appcompat-v7\\24.1.1\\res\\values-ro\\values-ro.xml",
                    "position": {
                        "startLine": 5,
                        "startColumn": 4,
                        "startOffset": 407,
                        "endColumn": 103,
                        "endOffset": 506
                    }
                }
            },
            {
                "to": {
                    "startLine": 6,
                    "startColumn": 4,
                    "startOffset": 561,
                    "endColumn": 112,
                    "endOffset": 669
                },
                "from": {
                    "file": "C:\\Users\\Ming\\AndroidStudioProjects\\CS499APP\\app\\build\\intermediates\\exploded-aar\\com.android.support\\appcompat-v7\\24.1.1\\res\\values-ro\\values-ro.xml",
                    "position": {
                        "startLine": 6,
                        "startColumn": 4,
                        "startOffset": 511,
                        "endColumn": 112,
                        "endOffset": 619
                    }
                }
            },
            {
                "to": {
                    "startLine": 7,
                    "startColumn": 4,
                    "startOffset": 674,
                    "endColumn": 87,
                    "endOffset": 757
                },
                "from": {
                    "file": "C:\\Users\\Ming\\AndroidStudioProjects\\CS499APP\\app\\build\\intermediates\\exploded-aar\\com.android.support\\appcompat-v7\\24.1.1\\res\\values-ro\\values-ro.xml",
                    "position": {
                        "startLine": 7,
                        "startColumn": 4,
                        "startOffset": 624,
                        "endColumn": 87,
                        "endOffset": 707
                    }
                }
            },
            {
                "to": {
                    "startLine": 8,
                    "startColumn": 4,
                    "startOffset": 762,
                    "endColumn": 111,
                    "endOffset": 869
                },
                "from": {
                    "file": "C:\\Users\\Ming\\AndroidStudioProjects\\CS499APP\\app\\build\\intermediates\\exploded-aar\\com.android.support\\appcompat-v7\\24.1.1\\res\\values-ro\\values-ro.xml",
                    "position": {
                        "startLine": 8,
                        "startColumn": 4,
                        "startOffset": 712,
                        "endColumn": 111,
                        "endOffset": 819
                    }
                }
            },
            {
                "to": {
                    "startLine": 9,
                    "startColumn": 4,
                    "startOffset": 874,
                    "endColumn": 120,
                    "endOffset": 990
                },
                "from": {
                    "file": "C:\\Users\\Ming\\AndroidStudioProjects\\CS499APP\\app\\build\\intermediates\\exploded-aar\\com.android.support\\appcompat-v7\\24.1.1\\res\\values-ro\\values-ro.xml",
                    "position": {
                        "startLine": 9,
                        "startColumn": 4,
                        "startOffset": 824,
                        "endColumn": 120,
                        "endOffset": 940
                    }
                }
            },
            {
                "to": {
                    "startLine": 10,
                    "startColumn": 4,
                    "startOffset": 995,
                    "endColumn": 84,
                    "endOffset": 1075
                },
                "from": {
                    "file": "C:\\Users\\Ming\\AndroidStudioProjects\\CS499APP\\app\\build\\intermediates\\exploded-aar\\com.android.support\\appcompat-v7\\24.1.1\\res\\values-ro\\values-ro.xml",
                    "position": {
                        "startLine": 10,
                        "startColumn": 4,
                        "startOffset": 945,
                        "endColumn": 84,
                        "endOffset": 1025
                    }
                }
            },
            {
                "to": {
                    "startLine": 11,
                    "startColumn": 4,
                    "startOffset": 1080,
                    "endColumn": 81,
                    "endOffset": 1157
                },
                "from": {
                    "file": "C:\\Users\\Ming\\AndroidStudioProjects\\CS499APP\\app\\build\\intermediates\\exploded-aar\\com.android.support\\appcompat-v7\\24.1.1\\res\\values-ro\\values-ro.xml",
                    "position": {
                        "startLine": 11,
                        "startColumn": 4,
                        "startOffset": 1030,
                        "endColumn": 81,
                        "endOffset": 1107
                    }
                }
            },
            {
                "to": {
                    "startLine": 12,
                    "startColumn": 4,
                    "startOffset": 1162,
                    "endColumn": 82,
                    "endOffset": 1240
                },
                "from": {
                    "file": "C:\\Users\\Ming\\AndroidStudioProjects\\CS499APP\\app\\build\\intermediates\\exploded-aar\\com.android.support\\appcompat-v7\\24.1.1\\res\\values-ro\\values-ro.xml",
                    "position": {
                        "startLine": 12,
                        "startColumn": 4,
                        "startOffset": 1112,
                        "endColumn": 82,
                        "endOffset": 1190
                    }
                }
            },
            {
                "to": {
                    "startLine": 13,
                    "startColumn": 4,
                    "startOffset": 1245,
                    "endColumn": 111,
                    "endOffset": 1352
                },
                "from": {
                    "file": "C:\\Users\\Ming\\AndroidStudioProjects\\CS499APP\\app\\build\\intermediates\\exploded-aar\\com.android.support\\appcompat-v7\\24.1.1\\res\\values-ro\\values-ro.xml",
                    "position": {
                        "startLine": 13,
                        "startColumn": 4,
                        "startOffset": 1195,
                        "endColumn": 111,
                        "endOffset": 1302
                    }
                }
            },
            {
                "to": {
                    "startLine": 14,
                    "startColumn": 4,
                    "startOffset": 1357,
                    "endColumn": 112,
                    "endOffset": 1465
                },
                "from": {
                    "file": "C:\\Users\\Ming\\AndroidStudioProjects\\CS499APP\\app\\build\\intermediates\\exploded-aar\\com.android.support\\appcompat-v7\\24.1.1\\res\\values-ro\\values-ro.xml",
                    "position": {
                        "startLine": 14,
                        "startColumn": 4,
                        "startOffset": 1307,
                        "endColumn": 112,
                        "endOffset": 1415
                    }
                }
            },
            {
                "to": {
                    "startLine": 15,
                    "startColumn": 4,
                    "startOffset": 1470,
                    "endColumn": 99,
                    "endOffset": 1565
                },
                "from": {
                    "file": "C:\\Users\\Ming\\AndroidStudioProjects\\CS499APP\\app\\build\\intermediates\\exploded-aar\\com.android.support\\appcompat-v7\\24.1.1\\res\\values-ro\\values-ro.xml",
                    "position": {
                        "startLine": 15,
                        "startColumn": 4,
                        "startOffset": 1420,
                        "endColumn": 99,
                        "endOffset": 1515
                    }
                }
            },
            {
                "to": {
                    "startLine": 16,
                    "startColumn": 4,
                    "startOffset": 1570,
                    "endColumn": 113,
                    "endOffset": 1679
                },
                "from": {
                    "file": "C:\\Users\\Ming\\AndroidStudioProjects\\CS499APP\\app\\build\\intermediates\\exploded-aar\\com.android.support\\appcompat-v7\\24.1.1\\res\\values-ro\\values-ro.xml",
                    "position": {
                        "startLine": 16,
                        "startColumn": 4,
                        "startOffset": 1520,
                        "endColumn": 113,
                        "endOffset": 1629
                    }
                }
            },
            {
                "to": {
                    "startLine": 17,
                    "startColumn": 4,
                    "startOffset": 1684,
                    "endColumn": 104,
                    "endOffset": 1784
                },
                "from": {
                    "file": "C:\\Users\\Ming\\AndroidStudioProjects\\CS499APP\\app\\build\\intermediates\\exploded-aar\\com.android.support\\appcompat-v7\\24.1.1\\res\\values-ro\\values-ro.xml",
                    "position": {
                        "startLine": 17,
                        "startColumn": 4,
                        "startOffset": 1634,
                        "endColumn": 104,
                        "endOffset": 1734
                    }
                }
            },
            {
                "to": {
                    "startLine": 18,
                    "startColumn": 4,
                    "startOffset": 1789,
                    "endColumn": 105,
                    "endOffset": 1890
                },
                "from": {
                    "file": "C:\\Users\\Ming\\AndroidStudioProjects\\CS499APP\\app\\build\\intermediates\\exploded-aar\\com.android.support\\appcompat-v7\\24.1.1\\res\\values-ro\\values-ro.xml",
                    "position": {
                        "startLine": 18,
                        "startColumn": 4,
                        "startOffset": 1739,
                        "endColumn": 105,
                        "endOffset": 1840
                    }
                }
            },
            {
                "to": {
                    "startLine": 19,
                    "startColumn": 4,
                    "startOffset": 1895,
                    "endColumn": 120,
                    "endOffset": 2011
                },
                "from": {
                    "file": "C:\\Users\\Ming\\AndroidStudioProjects\\CS499APP\\app\\build\\intermediates\\exploded-aar\\com.android.support\\appcompat-v7\\24.1.1\\res\\values-ro\\values-ro.xml",
                    "position": {
                        "startLine": 19,
                        "startColumn": 4,
                        "startOffset": 1845,
                        "endColumn": 120,
                        "endOffset": 1961
                    }
                }
            },
            {
                "to": {
                    "startLine": 20,
                    "startColumn": 4,
                    "startOffset": 2016,
                    "endColumn": 102,
                    "endOffset": 2114
                },
                "from": {
                    "file": "C:\\Users\\Ming\\AndroidStudioProjects\\CS499APP\\app\\build\\intermediates\\exploded-aar\\com.android.support\\appcompat-v7\\24.1.1\\res\\values-ro\\values-ro.xml",
                    "position": {
                        "startLine": 20,
                        "startColumn": 4,
                        "startOffset": 1966,
                        "endColumn": 102,
                        "endOffset": 2064
                    }
                }
            },
            {
                "to": {
                    "startLine": 21,
                    "startColumn": 4,
                    "startOffset": 2119,
                    "endColumn": 77,
                    "endOffset": 2192
                },
                "from": {
                    "file": "C:\\Users\\Ming\\AndroidStudioProjects\\CS499APP\\app\\build\\intermediates\\exploded-aar\\com.google.android.gms\\play-services-cast-framework\\9.8.0\\res\\values-ro\\values.xml",
                    "position": {
                        "startLine": 4,
                        "startColumn": 0,
                        "startOffset": 298,
                        "endColumn": 73,
                        "endOffset": 371
                    }
                }
            },
            {
                "to": {
                    "startLine": 22,
                    "startColumn": 4,
                    "startOffset": 2197,
                    "endColumn": 102,
                    "endOffset": 2295
                },
                "from": {
                    "file": "C:\\Users\\Ming\\AndroidStudioProjects\\CS499APP\\app\\build\\intermediates\\exploded-aar\\com.google.android.gms\\play-services-cast-framework\\9.8.0\\res\\values-ro\\values.xml",
                    "position": {
                        "startLine": 5,
                        "startColumn": 0,
                        "startOffset": 372,
                        "endColumn": 98,
                        "endOffset": 470
                    }
                }
            },
            {
                "to": {
                    "startLine": 23,
                    "startColumn": 4,
                    "startOffset": 2300,
                    "endColumn": 89,
                    "endOffset": 2385
                },
                "from": {
                    "file": "C:\\Users\\Ming\\AndroidStudioProjects\\CS499APP\\app\\build\\intermediates\\exploded-aar\\com.google.android.gms\\play-services-cast-framework\\9.8.0\\res\\values-ro\\values.xml",
                    "position": {
                        "startLine": 6,
                        "startColumn": 0,
                        "startOffset": 471,
                        "endColumn": 85,
                        "endOffset": 556
                    }
                }
            },
            {
                "to": {
                    "startLine": 24,
                    "startColumn": 4,
                    "startOffset": 2390,
                    "endColumn": 123,
                    "endOffset": 2509
                },
                "from": {
                    "file": "C:\\Users\\Ming\\AndroidStudioProjects\\CS499APP\\app\\build\\intermediates\\exploded-aar\\com.google.android.gms\\play-services-cast-framework\\9.8.0\\res\\values-ro\\values.xml",
                    "position": {
                        "startLine": 7,
                        "startColumn": 0,
                        "startOffset": 557,
                        "endColumn": 119,
                        "endOffset": 676
                    }
                }
            },
            {
                "to": {
                    "startLine": 25,
                    "startColumn": 4,
                    "startOffset": 2514,
                    "endColumn": 88,
                    "endOffset": 2598
                },
                "from": {
                    "file": "C:\\Users\\Ming\\AndroidStudioProjects\\CS499APP\\app\\build\\intermediates\\exploded-aar\\com.google.android.gms\\play-services-cast-framework\\9.8.0\\res\\values-ro\\values.xml",
                    "position": {
                        "startLine": 8,
                        "startColumn": 0,
                        "startOffset": 677,
                        "endColumn": 84,
                        "endOffset": 761
                    }
                }
            },
            {
                "to": {
                    "startLine": 26,
                    "startColumn": 4,
                    "startOffset": 2603,
                    "endColumn": 119,
                    "endOffset": 2718
                },
                "from": {
                    "file": "C:\\Users\\Ming\\AndroidStudioProjects\\CS499APP\\app\\build\\intermediates\\exploded-aar\\com.google.android.gms\\play-services-cast-framework\\9.8.0\\res\\values-ro\\values.xml",
                    "position": {
                        "startLine": 9,
                        "startColumn": 0,
                        "startOffset": 762,
                        "endColumn": 115,
                        "endOffset": 877
                    }
                }
            },
            {
                "to": {
                    "startLine": 27,
                    "startColumn": 4,
                    "startOffset": 2723,
                    "endColumn": 117,
                    "endOffset": 2836
                },
                "from": {
                    "file": "C:\\Users\\Ming\\AndroidStudioProjects\\CS499APP\\app\\build\\intermediates\\exploded-aar\\com.google.android.gms\\play-services-cast-framework\\9.8.0\\res\\values-ro\\values.xml",
                    "position": {
                        "startLine": 10,
                        "startColumn": 0,
                        "startOffset": 878,
                        "endColumn": 113,
                        "endOffset": 991
                    }
                }
            },
            {
                "to": {
                    "startLine": 28,
                    "startColumn": 4,
                    "startOffset": 2841,
                    "endColumn": 114,
                    "endOffset": 2951
                },
                "from": {
                    "file": "C:\\Users\\Ming\\AndroidStudioProjects\\CS499APP\\app\\build\\intermediates\\exploded-aar\\com.google.android.gms\\play-services-cast-framework\\9.8.0\\res\\values-ro\\values.xml",
                    "position": {
                        "startLine": 11,
                        "startColumn": 0,
                        "startOffset": 992,
                        "endColumn": 110,
                        "endOffset": 1102
                    }
                }
            },
            {
                "to": {
                    "startLine": 29,
                    "startColumn": 4,
                    "startOffset": 2956,
                    "endColumn": 102,
                    "endOffset": 3054
                },
                "from": {
                    "file": "C:\\Users\\Ming\\AndroidStudioProjects\\CS499APP\\app\\build\\intermediates\\exploded-aar\\com.google.android.gms\\play-services-cast-framework\\9.8.0\\res\\values-ro\\values.xml",
                    "position": {
                        "startLine": 12,
                        "startColumn": 0,
                        "startOffset": 1103,
                        "endColumn": 98,
                        "endOffset": 1201
                    }
                }
            },
            {
                "to": {
                    "startLine": 30,
                    "startColumn": 4,
                    "startOffset": 3059,
                    "endColumn": 104,
                    "endOffset": 3159
                },
                "from": {
                    "file": "C:\\Users\\Ming\\AndroidStudioProjects\\CS499APP\\app\\build\\intermediates\\exploded-aar\\com.google.android.gms\\play-services-cast-framework\\9.8.0\\res\\values-ro\\values.xml",
                    "position": {
                        "startLine": 13,
                        "startColumn": 0,
                        "startOffset": 1202,
                        "endColumn": 100,
                        "endOffset": 1302
                    }
                }
            },
            {
                "to": {
                    "startLine": 31,
                    "startColumn": 4,
                    "startOffset": 3164,
                    "endColumn": 87,
                    "endOffset": 3247
                },
                "from": {
                    "file": "C:\\Users\\Ming\\AndroidStudioProjects\\CS499APP\\app\\build\\intermediates\\exploded-aar\\com.google.android.gms\\play-services-cast-framework\\9.8.0\\res\\values-ro\\values.xml",
                    "position": {
                        "startLine": 14,
                        "startColumn": 0,
                        "startOffset": 1303,
                        "endColumn": 83,
                        "endOffset": 1386
                    }
                }
            },
            {
                "to": {
                    "startLine": 32,
                    "startColumn": 4,
                    "startOffset": 3252,
                    "endColumn": 101,
                    "endOffset": 3349
                },
                "from": {
                    "file": "C:\\Users\\Ming\\AndroidStudioProjects\\CS499APP\\app\\build\\intermediates\\exploded-aar\\com.google.android.gms\\play-services-cast-framework\\9.8.0\\res\\values-ro\\values.xml",
                    "position": {
                        "startLine": 15,
                        "startColumn": 0,
                        "startOffset": 1387,
                        "endColumn": 97,
                        "endOffset": 1484
                    }
                }
            },
            {
                "to": {
                    "startLine": 33,
                    "startColumn": 4,
                    "startOffset": 3354,
                    "endColumn": 104,
                    "endOffset": 3454
                },
                "from": {
                    "file": "C:\\Users\\Ming\\AndroidStudioProjects\\CS499APP\\app\\build\\intermediates\\exploded-aar\\com.google.android.gms\\play-services-cast-framework\\9.8.0\\res\\values-ro\\values.xml",
                    "position": {
                        "startLine": 16,
                        "startColumn": 0,
                        "startOffset": 1485,
                        "endColumn": 100,
                        "endOffset": 1585
                    }
                }
            },
            {
                "to": {
                    "startLine": 34,
                    "startColumn": 4,
                    "startOffset": 3459,
                    "endColumn": 107,
                    "endOffset": 3562
                },
                "from": {
                    "file": "C:\\Users\\Ming\\AndroidStudioProjects\\CS499APP\\app\\build\\intermediates\\exploded-aar\\com.google.android.gms\\play-services-cast-framework\\9.8.0\\res\\values-ro\\values.xml",
                    "position": {
                        "startLine": 17,
                        "startColumn": 0,
                        "startOffset": 1586,
                        "endColumn": 103,
                        "endOffset": 1689
                    }
                }
            },
            {
                "to": {
                    "startLine": 35,
                    "startColumn": 4,
                    "startOffset": 3567,
                    "endColumn": 87,
                    "endOffset": 3650
                },
                "from": {
                    "file": "C:\\Users\\Ming\\AndroidStudioProjects\\CS499APP\\app\\build\\intermediates\\exploded-aar\\com.google.android.gms\\play-services-cast-framework\\9.8.0\\res\\values-ro\\values.xml",
                    "position": {
                        "startLine": 18,
                        "startColumn": 0,
                        "startOffset": 1690,
                        "endColumn": 83,
                        "endOffset": 1773
                    }
                }
            },
            {
                "to": {
                    "startLine": 36,
                    "startColumn": 4,
                    "startOffset": 3655,
                    "endColumn": 135,
                    "endOffset": 3786
                },
                "from": {
                    "file": "C:\\Users\\Ming\\AndroidStudioProjects\\CS499APP\\app\\build\\intermediates\\exploded-aar\\com.google.android.gms\\play-services-cast\\9.8.0\\res\\values-ro\\values.xml",
                    "position": {
                        "startLine": 4,
                        "startColumn": 0,
                        "startOffset": 288,
                        "endColumn": 135,
                        "endOffset": 423
                    }
                }
            },
            {
                "to": {
                    "startLine": 37,
                    "startColumn": 4,
                    "startOffset": 3791,
                    "endColumn": 141,
                    "endOffset": 3928
                },
                "from": {
                    "file": "C:\\Users\\Ming\\AndroidStudioProjects\\CS499APP\\app\\build\\intermediates\\exploded-aar\\com.google.android.gms\\play-services-cast\\9.8.0\\res\\values-ro\\values.xml",
                    "position": {
                        "startLine": 5,
                        "startColumn": 0,
                        "startOffset": 424,
                        "endColumn": 141,
                        "endOffset": 565
                    }
                }
            },
            {
                "to": {
                    "startLine": 38,
                    "startColumn": 4,
                    "startOffset": 3933,
                    "endColumn": 98,
                    "endOffset": 4027
                },
                "from": {
                    "file": "C:\\Users\\Ming\\AndroidStudioProjects\\CS499APP\\app\\build\\intermediates\\exploded-aar\\com.google.android.gms\\play-services-cast\\9.8.0\\res\\values-ro\\values.xml",
                    "position": {
                        "startLine": 6,
                        "startColumn": 0,
                        "startOffset": 566,
                        "endColumn": 94,
                        "endOffset": 660
                    }
                }
            },
            {
                "to": {
                    "startLine": 39,
                    "startColumn": 4,
                    "startOffset": 4032,
                    "endColumn": 80,
                    "endOffset": 4108
                },
                "from": {
                    "file": "C:\\Users\\Ming\\AndroidStudioProjects\\CS499APP\\app\\build\\intermediates\\exploded-aar\\com.google.android.gms\\play-services-cast-framework\\9.8.0\\res\\values-ro\\values.xml",
                    "position": {
                        "startLine": 19,
                        "startColumn": 0,
                        "startOffset": 1774,
                        "endColumn": 76,
                        "endOffset": 1850
                    }
                }
            },
            {
                "to": {
                    "startLine": 40,
                    "startColumn": 4,
                    "startOffset": 4113,
                    "endColumn": 74,
                    "endOffset": 4183
                },
                "from": {
                    "file": "C:\\Users\\Ming\\AndroidStudioProjects\\CS499APP\\app\\build\\intermediates\\exploded-aar\\com.google.android.gms\\play-services-cast-framework\\9.8.0\\res\\values-ro\\values.xml",
                    "position": {
                        "startLine": 20,
                        "startColumn": 0,
                        "startOffset": 1851,
                        "endColumn": 70,
                        "endOffset": 1921
                    }
                }
            },
            {
                "to": {
                    "startLine": 41,
                    "startColumn": 4,
                    "startOffset": 4188,
                    "endColumn": 85,
                    "endOffset": 4269
                },
                "from": {
                    "file": "C:\\Users\\Ming\\AndroidStudioProjects\\CS499APP\\app\\build\\intermediates\\exploded-aar\\com.google.android.gms\\play-services-cast-framework\\9.8.0\\res\\values-ro\\values.xml",
                    "position": {
                        "startLine": 21,
                        "startColumn": 0,
                        "startOffset": 1922,
                        "endColumn": 81,
                        "endOffset": 2003
                    }
                }
            },
            {
                "to": {
                    "startLine": 42,
                    "startColumn": 4,
                    "startOffset": 4274,
                    "endColumn": 99,
                    "endOffset": 4369
                },
                "from": {
                    "file": "C:\\Users\\Ming\\AndroidStudioProjects\\CS499APP\\app\\build\\intermediates\\exploded-aar\\com.google.android.gms\\play-services-cast-framework\\9.8.0\\res\\values-ro\\values.xml",
                    "position": {
                        "startLine": 22,
                        "startColumn": 0,
                        "startOffset": 2004,
                        "endColumn": 95,
                        "endOffset": 2099
                    }
                }
            },
            {
                "to": {
                    "startLine": 43,
                    "startColumn": 4,
                    "startOffset": 4374,
                    "endColumn": 102,
                    "endOffset": 4472
                },
                "from": {
                    "file": "C:\\Users\\Ming\\AndroidStudioProjects\\CS499APP\\app\\build\\intermediates\\exploded-aar\\com.google.android.gms\\play-services-cast-framework\\9.8.0\\res\\values-ro\\values.xml",
                    "position": {
                        "startLine": 23,
                        "startColumn": 0,
                        "startOffset": 2100,
                        "endColumn": 98,
                        "endOffset": 2198
                    }
                }
            },
            {
                "to": {
                    "startLine": 44,
                    "startColumn": 4,
                    "startOffset": 4477,
                    "endColumn": 104,
                    "endOffset": 4577
                },
                "from": {
                    "file": "C:\\Users\\Ming\\AndroidStudioProjects\\CS499APP\\app\\build\\intermediates\\exploded-aar\\com.google.android.gms\\play-services-cast-framework\\9.8.0\\res\\values-ro\\values.xml",
                    "position": {
                        "startLine": 24,
                        "startColumn": 0,
                        "startOffset": 2199,
                        "endColumn": 100,
                        "endOffset": 2299
                    }
                }
            },
            {
                "to": {
                    "startLine": 45,
                    "startColumn": 4,
                    "startOffset": 4582,
                    "endColumn": 101,
                    "endOffset": 4679
                },
                "from": {
                    "file": "C:\\Users\\Ming\\AndroidStudioProjects\\CS499APP\\app\\build\\intermediates\\exploded-aar\\com.google.android.gms\\play-services-cast-framework\\9.8.0\\res\\values-ro\\values.xml",
                    "position": {
                        "startLine": 25,
                        "startColumn": 0,
                        "startOffset": 2300,
                        "endColumn": 97,
                        "endOffset": 2397
                    }
                }
            },
            {
                "to": {
                    "startLine": 46,
                    "startColumn": 4,
                    "startOffset": 4684,
                    "endColumn": 102,
                    "endOffset": 4782
                },
                "from": {
                    "file": "C:\\Users\\Ming\\AndroidStudioProjects\\CS499APP\\app\\build\\intermediates\\exploded-aar\\com.google.android.gms\\play-services-cast-framework\\9.8.0\\res\\values-ro\\values.xml",
                    "position": {
                        "startLine": 26,
                        "startColumn": 0,
                        "startOffset": 2398,
                        "endColumn": 98,
                        "endOffset": 2496
                    }
                }
            },
            {
                "to": {
                    "startLine": 47,
                    "startColumn": 4,
                    "startOffset": 4787,
                    "endColumn": 74,
                    "endOffset": 4857
                },
                "from": {
                    "file": "C:\\Users\\Ming\\AndroidStudioProjects\\CS499APP\\app\\build\\intermediates\\exploded-aar\\com.google.android.gms\\play-services-cast-framework\\9.8.0\\res\\values-ro\\values.xml",
                    "position": {
                        "startLine": 27,
                        "startColumn": 0,
                        "startOffset": 2497,
                        "endColumn": 70,
                        "endOffset": 2567
                    }
                }
            },
            {
                "to": {
                    "startLine": 48,
                    "startColumn": 4,
                    "startOffset": 4862,
                    "endColumn": 98,
                    "endOffset": 4956
                },
                "from": {
                    "file": "C:\\Users\\Ming\\AndroidStudioProjects\\CS499APP\\app\\build\\intermediates\\exploded-aar\\com.google.android.gms\\play-services-cast-framework\\9.8.0\\res\\values-ro\\values.xml",
                    "position": {
                        "startLine": 28,
                        "startColumn": 0,
                        "startOffset": 2568,
                        "endColumn": 94,
                        "endOffset": 2662
                    }
                }
            },
            {
                "to": {
                    "startLine": 49,
                    "startColumn": 4,
                    "startOffset": 4961,
                    "endColumn": 105,
                    "endOffset": 5062
                },
                "from": {
                    "file": "C:\\Users\\Ming\\AndroidStudioProjects\\CS499APP\\app\\build\\intermediates\\exploded-aar\\com.google.android.gms\\play-services-cast-framework\\9.8.0\\res\\values-ro\\values.xml",
                    "position": {
                        "startLine": 29,
                        "startColumn": 0,
                        "startOffset": 2663,
                        "endColumn": 101,
                        "endOffset": 2764
                    }
                }
            },
            {
                "to": {
                    "startLine": 50,
                    "startColumn": 4,
                    "startOffset": 5067,
                    "endColumn": 99,
                    "endOffset": 5162
                },
                "from": {
                    "file": "C:\\Users\\Ming\\AndroidStudioProjects\\CS499APP\\app\\build\\intermediates\\exploded-aar\\com.google.android.gms\\play-services-cast-framework\\9.8.0\\res\\values-ro\\values.xml",
                    "position": {
                        "startLine": 30,
                        "startColumn": 0,
                        "startOffset": 2765,
                        "endColumn": 95,
                        "endOffset": 2860
                    }
                }
            },
            {
                "to": {
                    "startLine": 51,
                    "startColumn": 4,
                    "startOffset": 5167,
                    "endColumn": 157,
                    "endOffset": 5320
                },
                "from": {
                    "file": "C:\\Users\\Ming\\AndroidStudioProjects\\CS499APP\\app\\build\\intermediates\\exploded-aar\\com.google.android.gms\\play-services-cast-framework\\9.8.0\\res\\values-ro\\values.xml",
                    "position": {
                        "startLine": 31,
                        "startColumn": 0,
                        "startOffset": 2861,
                        "endColumn": 157,
                        "endOffset": 3018
                    }
                }
            },
            {
                "to": {
                    "startLine": 52,
                    "startColumn": 4,
                    "startOffset": 5325,
                    "endColumn": 137,
                    "endOffset": 5458
                },
                "from": {
                    "file": "C:\\Users\\Ming\\AndroidStudioProjects\\CS499APP\\app\\build\\intermediates\\exploded-aar\\com.google.android.gms\\play-services-cast-framework\\9.8.0\\res\\values-ro\\values.xml",
                    "position": {
                        "startLine": 32,
                        "startColumn": 0,
                        "startOffset": 3019,
                        "endColumn": 133,
                        "endOffset": 3152
                    }
                }
            },
            {
                "to": {
                    "startLine": 53,
                    "startColumn": 4,
                    "startOffset": 5463,
                    "endColumn": 128,
                    "endOffset": 5587
                },
                "from": {
                    "file": "C:\\Users\\Ming\\AndroidStudioProjects\\CS499APP\\app\\build\\intermediates\\exploded-aar\\com.google.android.gms\\play-services-cast-framework\\9.8.0\\res\\values-ro\\values.xml",
                    "position": {
                        "startLine": 33,
                        "startColumn": 0,
                        "startOffset": 3153,
                        "endColumn": 124,
                        "endOffset": 3277
                    }
                }
            },
            {
                "to": {
                    "startLine": 54,
                    "startColumn": 4,
                    "startOffset": 5592,
                    "endColumn": 97,
                    "endOffset": 5685
                },
                "from": {
                    "file": "C:\\Users\\Ming\\AndroidStudioProjects\\CS499APP\\app\\build\\intermediates\\exploded-aar\\com.google.android.gms\\play-services-cast-framework\\9.8.0\\res\\values-ro\\values.xml",
                    "position": {
                        "startLine": 34,
                        "startColumn": 0,
                        "startOffset": 3278,
                        "endColumn": 93,
                        "endOffset": 3371
                    }
                }
            },
            {
                "to": {
                    "startLine": 55,
                    "startColumn": 4,
                    "startOffset": 5690,
                    "endColumn": 90,
                    "endOffset": 5776
                },
                "from": {
                    "file": "C:\\Users\\Ming\\AndroidStudioProjects\\CS499APP\\app\\build\\intermediates\\exploded-aar\\com.google.android.gms\\play-services-cast-framework\\9.8.0\\res\\values-ro\\values.xml",
                    "position": {
                        "startLine": 35,
                        "startColumn": 0,
                        "startOffset": 3372,
                        "endColumn": 86,
                        "endOffset": 3458
                    }
                }
            },
            {
                "to": {
                    "startLine": 56,
                    "startColumn": 4,
                    "startOffset": 5781,
                    "endColumn": 105,
                    "endOffset": 5882
                },
                "from": {
                    "file": "C:\\Users\\Ming\\AndroidStudioProjects\\CS499APP\\app\\build\\intermediates\\exploded-aar\\com.google.android.gms\\play-services-cast-framework\\9.8.0\\res\\values-ro\\values.xml",
                    "position": {
                        "startLine": 36,
                        "startColumn": 0,
                        "startOffset": 3459,
                        "endColumn": 101,
                        "endOffset": 3560
                    }
                }
            },
            {
                "to": {
                    "startLine": 57,
                    "startColumn": 4,
                    "startOffset": 5887,
                    "endColumn": 86,
                    "endOffset": 5969
                },
                "from": {
                    "file": "C:\\Users\\Ming\\AndroidStudioProjects\\CS499APP\\app\\build\\intermediates\\exploded-aar\\com.google.android.gms\\play-services-cast-framework\\9.8.0\\res\\values-ro\\values.xml",
                    "position": {
                        "startLine": 37,
                        "startColumn": 0,
                        "startOffset": 3561,
                        "endColumn": 82,
                        "endOffset": 3643
                    }
                }
            },
            {
                "to": {
                    "startLine": 58,
                    "startColumn": 4,
                    "startOffset": 5974,
                    "endColumn": 108,
                    "endOffset": 6078
                },
                "from": {
                    "file": "C:\\Users\\Ming\\AndroidStudioProjects\\CS499APP\\app\\build\\intermediates\\exploded-aar\\com.google.android.gms\\play-services-base\\9.8.0\\res\\values-ro\\values.xml",
                    "position": {
                        "startLine": 4,
                        "startColumn": 0,
                        "startOffset": 283,
                        "endColumn": 104,
                        "endOffset": 387
                    }
                }
            },
            {
                "to": {
                    "startLine": 59,
                    "startColumn": 4,
                    "startOffset": 6083,
                    "endColumn": 191,
                    "endOffset": 6270
                },
                "from": {
                    "file": "C:\\Users\\Ming\\AndroidStudioProjects\\CS499APP\\app\\build\\intermediates\\exploded-aar\\com.google.android.gms\\play-services-base\\9.8.0\\res\\values-ro\\values.xml",
                    "position": {
                        "startLine": 5,
                        "startColumn": 0,
                        "startOffset": 388,
                        "endColumn": 191,
                        "endOffset": 579
                    }
                }
            },
            {
                "to": {
                    "startLine": 60,
                    "startColumn": 4,
                    "startOffset": 6275,
                    "endColumn": 130,
                    "endOffset": 6401
                },
                "from": {
                    "file": "C:\\Users\\Ming\\AndroidStudioProjects\\CS499APP\\app\\build\\intermediates\\exploded-aar\\com.google.android.gms\\play-services-base\\9.8.0\\res\\values-ro\\values.xml",
                    "position": {
                        "startLine": 6,
                        "startColumn": 0,
                        "startOffset": 580,
                        "endColumn": 126,
                        "endOffset": 706
                    }
                }
            },
            {
                "to": {
                    "startLine": 61,
                    "startColumn": 4,
                    "startOffset": 6406,
                    "endColumn": 110,
                    "endOffset": 6512
                },
                "from": {
                    "file": "C:\\Users\\Ming\\AndroidStudioProjects\\CS499APP\\app\\build\\intermediates\\exploded-aar\\com.google.android.gms\\play-services-base\\9.8.0\\res\\values-ro\\values.xml",
                    "position": {
                        "startLine": 7,
                        "startColumn": 0,
                        "startOffset": 707,
                        "endColumn": 106,
                        "endOffset": 813
                    }
                }
            },
            {
                "to": {
                    "startLine": 62,
                    "startColumn": 4,
                    "startOffset": 6517,
                    "endColumn": 209,
                    "endOffset": 6722
                },
                "from": {
                    "file": "C:\\Users\\Ming\\AndroidStudioProjects\\CS499APP\\app\\build\\intermediates\\exploded-aar\\com.google.android.gms\\play-services-base\\9.8.0\\res\\values-ro\\values.xml",
                    "position": {
                        "startLine": 8,
                        "startColumn": 0,
                        "startOffset": 814,
                        "endColumn": 209,
                        "endOffset": 1023
                    }
                }
            },
            {
                "to": {
                    "startLine": 63,
                    "startColumn": 4,
                    "startOffset": 6727,
                    "endColumn": 133,
                    "endOffset": 6856
                },
                "from": {
                    "file": "C:\\Users\\Ming\\AndroidStudioProjects\\CS499APP\\app\\build\\intermediates\\exploded-aar\\com.google.android.gms\\play-services-base\\9.8.0\\res\\values-ro\\values.xml",
                    "position": {
                        "startLine": 9,
                        "startColumn": 0,
                        "startOffset": 1024,
                        "endColumn": 129,
                        "endOffset": 1153
                    }
                }
            },
            {
                "to": {
                    "startLine": 64,
                    "startColumn": 4,
                    "startOffset": 6861,
                    "endColumn": 137,
                    "endOffset": 6994
                },
                "from": {
                    "file": "C:\\Users\\Ming\\AndroidStudioProjects\\CS499APP\\app\\build\\intermediates\\exploded-aar\\com.google.android.gms\\play-services-base\\9.8.0\\res\\values-ro\\values.xml",
                    "position": {
                        "startLine": 10,
                        "startColumn": 0,
                        "startOffset": 1154,
                        "endColumn": 133,
                        "endOffset": 1287
                    }
                }
            },
            {
                "to": {
                    "startLine": 65,
                    "startColumn": 4,
                    "startOffset": 6999,
                    "endColumn": 203,
                    "endOffset": 7198
                },
                "from": {
                    "file": "C:\\Users\\Ming\\AndroidStudioProjects\\CS499APP\\app\\build\\intermediates\\exploded-aar\\com.google.android.gms\\play-services-basement\\9.8.0\\res\\values-ro\\values.xml",
                    "position": {
                        "startLine": 4,
                        "startColumn": 0,
                        "startOffset": 285,
                        "endColumn": 203,
                        "endOffset": 488
                    }
                }
            },
            {
                "to": {
                    "startLine": 66,
                    "startColumn": 4,
                    "startOffset": 7203,
                    "endColumn": 220,
                    "endOffset": 7419
                },
                "from": {
                    "file": "C:\\Users\\Ming\\AndroidStudioProjects\\CS499APP\\app\\build\\intermediates\\exploded-aar\\com.google.android.gms\\play-services-base\\9.8.0\\res\\values-ro\\values.xml",
                    "position": {
                        "startLine": 11,
                        "startColumn": 0,
                        "startOffset": 1288,
                        "endColumn": 220,
                        "endOffset": 1508
                    }
                }
            },
            {
                "to": {
                    "startLine": 67,
                    "startColumn": 4,
                    "startOffset": 7424,
                    "endColumn": 111,
                    "endOffset": 7531
                },
                "from": {
                    "file": "C:\\Users\\Ming\\AndroidStudioProjects\\CS499APP\\app\\build\\intermediates\\exploded-aar\\com.google.android.gms\\play-services-base\\9.8.0\\res\\values-ro\\values.xml",
                    "position": {
                        "startLine": 12,
                        "startColumn": 0,
                        "startOffset": 1509,
                        "endColumn": 107,
                        "endOffset": 1616
                    }
                }
            },
            {
                "to": {
                    "startLine": 68,
                    "startColumn": 4,
                    "startOffset": 7536,
                    "endColumn": 189,
                    "endOffset": 7721
                },
                "from": {
                    "file": "C:\\Users\\Ming\\AndroidStudioProjects\\CS499APP\\app\\build\\intermediates\\exploded-aar\\com.google.android.gms\\play-services-base\\9.8.0\\res\\values-ro\\values.xml",
                    "position": {
                        "startLine": 13,
                        "startColumn": 0,
                        "startOffset": 1617,
                        "endColumn": 189,
                        "endOffset": 1806
                    }
                }
            },
            {
                "to": {
                    "startLine": 69,
                    "startColumn": 4,
                    "startOffset": 7726,
                    "endColumn": 133,
                    "endOffset": 7855
                },
                "from": {
                    "file": "C:\\Users\\Ming\\AndroidStudioProjects\\CS499APP\\app\\build\\intermediates\\exploded-aar\\com.google.android.gms\\play-services-base\\9.8.0\\res\\values-ro\\values.xml",
                    "position": {
                        "startLine": 14,
                        "startColumn": 0,
                        "startOffset": 1807,
                        "endColumn": 129,
                        "endOffset": 1936
                    }
                }
            },
            {
                "to": {
                    "startLine": 70,
                    "startColumn": 4,
                    "startOffset": 7860,
                    "endColumn": 204,
                    "endOffset": 8060
                },
                "from": {
                    "file": "C:\\Users\\Ming\\AndroidStudioProjects\\CS499APP\\app\\build\\intermediates\\exploded-aar\\com.google.android.gms\\play-services-base\\9.8.0\\res\\values-ro\\values.xml",
                    "position": {
                        "startLine": 15,
                        "startColumn": 0,
                        "startOffset": 1937,
                        "endColumn": 204,
                        "endOffset": 2141
                    }
                }
            },
            {
                "to": {
                    "startLine": 71,
                    "startColumn": 4,
                    "startOffset": 8065,
                    "endColumn": 195,
                    "endOffset": 8256
                },
                "from": {
                    "file": "C:\\Users\\Ming\\AndroidStudioProjects\\CS499APP\\app\\build\\intermediates\\exploded-aar\\com.google.android.gms\\play-services-base\\9.8.0\\res\\values-ro\\values.xml",
                    "position": {
                        "startLine": 16,
                        "startColumn": 0,
                        "startOffset": 2142,
                        "endColumn": 191,
                        "endOffset": 2333
                    }
                }
            },
            {
                "to": {
                    "startLine": 72,
                    "startColumn": 4,
                    "startOffset": 8261,
                    "endColumn": 100,
                    "endOffset": 8357
                },
                "from": {
                    "file": "C:\\Users\\Ming\\AndroidStudioProjects\\CS499APP\\app\\build\\intermediates\\exploded-aar\\com.google.android.gms\\play-services-base\\9.8.0\\res\\values-ro\\values.xml",
                    "position": {
                        "startLine": 17,
                        "startColumn": 0,
                        "startOffset": 2334,
                        "endColumn": 96,
                        "endOffset": 2430
                    }
                }
            },
            {
                "to": {
                    "startLine": 73,
                    "startColumn": 4,
                    "startOffset": 8362,
                    "endColumn": 96,
                    "endOffset": 8454
                },
                "from": {
                    "file": "C:\\Users\\Ming\\AndroidStudioProjects\\CS499APP\\app\\build\\intermediates\\exploded-aar\\com.google.android.gms\\play-services-base\\9.8.0\\res\\values-ro\\values.xml",
                    "position": {
                        "startLine": 18,
                        "startColumn": 0,
                        "startOffset": 2431,
                        "endColumn": 92,
                        "endOffset": 2523
                    }
                }
            },
            {
                "to": {
                    "startLine": 74,
                    "startColumn": 4,
                    "startOffset": 8459,
                    "endColumn": 110,
                    "endOffset": 8565
                },
                "from": {
                    "file": "C:\\Users\\Ming\\AndroidStudioProjects\\CS499APP\\app\\build\\intermediates\\exploded-aar\\com.google.android.gms\\play-services-base\\9.8.0\\res\\values-ro\\values.xml",
                    "position": {
                        "startLine": 19,
                        "startColumn": 0,
                        "startOffset": 2524,
                        "endColumn": 106,
                        "endOffset": 2630
                    }
                }
            },
            {
                "to": {
                    "startLine": 75,
                    "startColumn": 4,
                    "startOffset": 8570,
                    "endColumn": 108,
                    "endOffset": 8674
                },
                "from": {
                    "file": "C:\\Users\\Ming\\AndroidStudioProjects\\CS499APP\\app\\build\\intermediates\\exploded-aar\\com.android.support\\mediarouter-v7\\24.0.0\\res\\values-ro\\values-ro.xml",
                    "position": {
                        "startLine": 2,
                        "startColumn": 4,
                        "startOffset": 55,
                        "endColumn": 108,
                        "endOffset": 159
                    }
                }
            },
            {
                "to": {
                    "startLine": 76,
                    "startColumn": 4,
                    "startOffset": 8679,
                    "endColumn": 99,
                    "endOffset": 8774
                },
                "from": {
                    "file": "C:\\Users\\Ming\\AndroidStudioProjects\\CS499APP\\app\\build\\intermediates\\exploded-aar\\com.android.support\\mediarouter-v7\\24.0.0\\res\\values-ro\\values-ro.xml",
                    "position": {
                        "startLine": 3,
                        "startColumn": 4,
                        "startOffset": 164,
                        "endColumn": 99,
                        "endOffset": 259
                    }
                }
            },
            {
                "to": {
                    "startLine": 77,
                    "startColumn": 4,
                    "startOffset": 8779,
                    "endColumn": 87,
                    "endOffset": 8862
                },
                "from": {
                    "file": "C:\\Users\\Ming\\AndroidStudioProjects\\CS499APP\\app\\build\\intermediates\\exploded-aar\\com.android.support\\mediarouter-v7\\24.0.0\\res\\values-ro\\values-ro.xml",
                    "position": {
                        "startLine": 4,
                        "startColumn": 4,
                        "startOffset": 264,
                        "endColumn": 87,
                        "endOffset": 347
                    }
                }
            },
            {
                "to": {
                    "startLine": 78,
                    "startColumn": 4,
                    "startOffset": 8867,
                    "endColumn": 99,
                    "endOffset": 8962
                },
                "from": {
                    "file": "C:\\Users\\Ming\\AndroidStudioProjects\\CS499APP\\app\\build\\intermediates\\exploded-aar\\com.android.support\\mediarouter-v7\\24.0.0\\res\\values-ro\\values-ro.xml",
                    "position": {
                        "startLine": 5,
                        "startColumn": 4,
                        "startOffset": 352,
                        "endColumn": 99,
                        "endOffset": 447
                    }
                }
            },
            {
                "to": {
                    "startLine": 79,
                    "startColumn": 4,
                    "startOffset": 8967,
                    "endColumn": 109,
                    "endOffset": 9072
                },
                "from": {
                    "file": "C:\\Users\\Ming\\AndroidStudioProjects\\CS499APP\\app\\build\\intermediates\\exploded-aar\\com.android.support\\mediarouter-v7\\24.0.0\\res\\values-ro\\values-ro.xml",
                    "position": {
                        "startLine": 6,
                        "startColumn": 4,
                        "startOffset": 452,
                        "endColumn": 109,
                        "endOffset": 557
                    }
                }
            },
            {
                "to": {
                    "startLine": 80,
                    "startColumn": 4,
                    "startOffset": 9077,
                    "endColumn": 99,
                    "endOffset": 9172
                },
                "from": {
                    "file": "C:\\Users\\Ming\\AndroidStudioProjects\\CS499APP\\app\\build\\intermediates\\exploded-aar\\com.android.support\\mediarouter-v7\\24.0.0\\res\\values-ro\\values-ro.xml",
                    "position": {
                        "startLine": 7,
                        "startColumn": 4,
                        "startOffset": 562,
                        "endColumn": 99,
                        "endOffset": 657
                    }
                }
            },
            {
                "to": {
                    "startLine": 81,
                    "startColumn": 4,
                    "startOffset": 9177,
                    "endColumn": 98,
                    "endOffset": 9271
                },
                "from": {
                    "file": "C:\\Users\\Ming\\AndroidStudioProjects\\CS499APP\\app\\build\\intermediates\\exploded-aar\\com.android.support\\mediarouter-v7\\24.0.0\\res\\values-ro\\values-ro.xml",
                    "position": {
                        "startLine": 8,
                        "startColumn": 4,
                        "startOffset": 662,
                        "endColumn": 98,
                        "endOffset": 756
                    }
                }
            },
            {
                "to": {
                    "startLine": 82,
                    "startColumn": 4,
                    "startOffset": 9276,
                    "endColumn": 97,
                    "endOffset": 9369
                },
                "from": {
                    "file": "C:\\Users\\Ming\\AndroidStudioProjects\\CS499APP\\app\\build\\intermediates\\exploded-aar\\com.android.support\\mediarouter-v7\\24.0.0\\res\\values-ro\\values-ro.xml",
                    "position": {
                        "startLine": 9,
                        "startColumn": 4,
                        "startOffset": 761,
                        "endColumn": 97,
                        "endOffset": 854
                    }
                }
            },
            {
                "to": {
                    "startLine": 83,
                    "startColumn": 4,
                    "startOffset": 9374,
                    "endColumn": 94,
                    "endOffset": 9464
                },
                "from": {
                    "file": "C:\\Users\\Ming\\AndroidStudioProjects\\CS499APP\\app\\build\\intermediates\\exploded-aar\\com.android.support\\mediarouter-v7\\24.0.0\\res\\values-ro\\values-ro.xml",
                    "position": {
                        "startLine": 10,
                        "startColumn": 4,
                        "startOffset": 859,
                        "endColumn": 94,
                        "endOffset": 949
                    }
                }
            },
            {
                "to": {
                    "startLine": 84,
                    "startColumn": 4,
                    "startOffset": 9469,
                    "endColumn": 120,
                    "endOffset": 9585
                },
                "from": {
                    "file": "C:\\Users\\Ming\\AndroidStudioProjects\\CS499APP\\app\\build\\intermediates\\exploded-aar\\com.android.support\\mediarouter-v7\\24.0.0\\res\\values-ro\\values-ro.xml",
                    "position": {
                        "startLine": 11,
                        "startColumn": 4,
                        "startOffset": 954,
                        "endColumn": 120,
                        "endOffset": 1070
                    }
                }
            },
            {
                "to": {
                    "startLine": 85,
                    "startColumn": 4,
                    "startOffset": 9590,
                    "endColumn": 118,
                    "endOffset": 9704
                },
                "from": {
                    "file": "C:\\Users\\Ming\\AndroidStudioProjects\\CS499APP\\app\\build\\intermediates\\exploded-aar\\com.android.support\\mediarouter-v7\\24.0.0\\res\\values-ro\\values-ro.xml",
                    "position": {
                        "startLine": 12,
                        "startColumn": 4,
                        "startOffset": 1075,
                        "endColumn": 118,
                        "endOffset": 1189
                    }
                }
            },
            {
                "to": {
                    "startLine": 86,
                    "startColumn": 4,
                    "startOffset": 9709,
                    "endColumn": 89,
                    "endOffset": 9794
                },
                "from": {
                    "file": "C:\\Users\\Ming\\AndroidStudioProjects\\CS499APP\\app\\build\\intermediates\\exploded-aar\\com.android.support\\mediarouter-v7\\24.0.0\\res\\values-ro\\values-ro.xml",
                    "position": {
                        "startLine": 13,
                        "startColumn": 4,
                        "startOffset": 1194,
                        "endColumn": 89,
                        "endOffset": 1279
                    }
                }
            },
            {
                "to": {
                    "startLine": 87,
                    "startColumn": 4,
                    "startOffset": 9799,
                    "endColumn": 82,
                    "endOffset": 9877
                },
                "from": {
                    "file": "C:\\Users\\Ming\\AndroidStudioProjects\\CS499APP\\app\\build\\intermediates\\exploded-aar\\com.android.support\\mediarouter-v7\\24.0.0\\res\\values-ro\\values-ro.xml",
                    "position": {
                        "startLine": 14,
                        "startColumn": 4,
                        "startOffset": 1284,
                        "endColumn": 82,
                        "endOffset": 1362
                    }
                }
            },
            {
                "to": {
                    "startLine": 88,
                    "startColumn": 4,
                    "startOffset": 9882,
                    "endColumn": 93,
                    "endOffset": 9971
                },
                "from": {
                    "file": "C:\\Users\\Ming\\AndroidStudioProjects\\CS499APP\\app\\build\\intermediates\\exploded-aar\\com.android.support\\mediarouter-v7\\24.0.0\\res\\values-ro\\values-ro.xml",
                    "position": {
                        "startLine": 15,
                        "startColumn": 4,
                        "startOffset": 1367,
                        "endColumn": 93,
                        "endOffset": 1456
                    }
                }
            },
            {
                "to": {
                    "startLine": 89,
                    "startColumn": 4,
                    "startOffset": 9976,
                    "endColumn": 85,
                    "endOffset": 10057
                },
                "from": {
                    "file": "C:\\Users\\Ming\\AndroidStudioProjects\\CS499APP\\app\\build\\intermediates\\exploded-aar\\com.android.support\\mediarouter-v7\\24.0.0\\res\\values-ro\\values-ro.xml",
                    "position": {
                        "startLine": 16,
                        "startColumn": 4,
                        "startOffset": 1461,
                        "endColumn": 85,
                        "endOffset": 1542
                    }
                }
            },
            {
                "to": {
                    "startLine": 90,
                    "startColumn": 4,
                    "startOffset": 10062,
                    "endColumn": 97,
                    "endOffset": 10155
                },
                "from": {
                    "file": "C:\\Users\\Ming\\AndroidStudioProjects\\CS499APP\\app\\build\\intermediates\\exploded-aar\\com.android.support\\mediarouter-v7\\24.0.0\\res\\values-ro\\values-ro.xml",
                    "position": {
                        "startLine": 17,
                        "startColumn": 4,
                        "startOffset": 1547,
                        "endColumn": 97,
                        "endOffset": 1640
                    }
                }
            },
            {
                "to": {
                    "startLine": 91,
                    "startColumn": 4,
                    "startOffset": 10160,
                    "endColumn": 100,
                    "endOffset": 10256
                },
                "from": {
                    "file": "C:\\Users\\Ming\\AndroidStudioProjects\\CS499APP\\app\\build\\intermediates\\exploded-aar\\com.android.support\\appcompat-v7\\24.1.1\\res\\values-ro\\values-ro.xml",
                    "position": {
                        "startLine": 21,
                        "startColumn": 4,
                        "startOffset": 2069,
                        "endColumn": 100,
                        "endOffset": 2165
                    }
                }
            }
        ]
    }
]