<?xml version="1.0" encoding="utf-8"?>
<manifest xmlns:android="http://schemas.android.com/apk/res/android"
    package="com.example.ming.cs499app"
    android:versionCode="1"
    android:versionName="1.0" >

    <uses-sdk
        android:minSdkVersion="14"
        android:targetSdkVersion="24" />

    <android:uses-permission android:name="android.permission.WRITE_EXTERNAL_STORAGE" />
    <android:uses-permission android:name="android.permission.READ_PHONE_STATE" />
    <android:uses-permission android:name="android.permission.READ_EXTERNAL_STORAGE" />

    <application
        android:name="com.android.tools.fd.runtime.BootstrapApplication"
        android:allowBackup="true"
        android:icon="@mipmap/ic_launcher"
        android:label="@string/app_name"
        android:supportsRtl="true"
        android:theme="@style/AppTheme" >
        <activity android:name="com.example.ming.cs499app.MainActivity" >
            <intent-filter>
                <action android:name="android.intent.action.MAIN" />

                <category android:name="android.intent.category.LAUNCHER" />
            </intent-filter>
        </activity>
        <activity android:name="com.example.ming.cs499app.Controller" >
            <intent-filter>
                <action android:name="com.example.ming.cs499app.Controller" />

                <category android:name="android.intent.category.DEFAULT" />
            </intent-filter>
        </activity>
        <activity android:name="com.example.ming.cs499app.SETTING" >
            <intent-filter>
                <action android:name="com.example.ming.cs499app.SETTING" />

                <category android:name="android.intent.category.DEFAULT" />
            </intent-filter>
        </activity>

        <meta-data
            android:name="com.google.android.gms.cast.framework.OPTIONS_PROVIDER_CLASS_NAME"
            android:value="com.google.sample.cast.refplayer.CastOptionsProvider" />

        <activity android:name="com.example.ming.cs499app.CastOptionsProvider" />

        <receiver android:name="com.google.android.gms.cast.framework.media.MediaIntentReceiver" />

        <service android:name="com.google.android.gms.cast.framework.media.MediaNotificationService" />
        <service android:name="com.google.android.gms.cast.framework.ReconnectionService" />

        <activity
            android:name="com.google.android.gms.common.api.GoogleApiActivity"
            android:exported="false"
            android:theme="@android:style/Theme.Translucent.NoTitleBar" />

        <meta-data
            android:name="com.google.android.gms.version"
            android:value="@integer/google_play_services_version" />
    </application>

</manifest>