[
    {
        "merged": "C:\\Users\\Ming\\AndroidStudioProjects\\CS499APP\\app\\build\\intermediates\\res\\merged\\debug\\drawable-ldrtl-hdpi-v17\\abc_ic_menu_copy_mtrl_am_alpha.png",
        "source": "C:\\Users\\Ming\\AndroidStudioProjects\\CS499APP\\app\\build\\intermediates\\exploded-aar\\com.android.support\\appcompat-v7\\24.1.1\\res\\drawable-ldrtl-hdpi-v17\\abc_ic_menu_copy_mtrl_am_alpha.png"
    },
    {
        "merged": "C:\\Users\\Ming\\AndroidStudioProjects\\CS499APP\\app\\build\\intermediates\\res\\merged\\debug\\drawable-ldrtl-hdpi-v17\\abc_spinner_mtrl_am_alpha.9.png",
        "source": "C:\\Users\\Ming\\AndroidStudioProjects\\CS499APP\\app\\build\\intermediates\\exploded-aar\\com.android.support\\appcompat-v7\\24.1.1\\res\\drawable-ldrtl-hdpi-v17\\abc_spinner_mtrl_am_alpha.9.png"
    },
    {
        "merged": "C:\\Users\\Ming\\AndroidStudioProjects\\CS499APP\\app\\build\\intermediates\\res\\merged\\debug\\drawable-ldrtl-hdpi-v17\\abc_ic_menu_cut_mtrl_alpha.png",
        "source": "C:\\Users\\Ming\\AndroidStudioProjects\\CS499APP\\app\\build\\intermediates\\exploded-aar\\com.android.support\\appcompat-v7\\24.1.1\\res\\drawable-ldrtl-hdpi-v17\\abc_ic_menu_cut_mtrl_alpha.png"
    }
]