[
    {
        "merged": "C:\\Users\\Ming\\AndroidStudioProjects\\CS499APP\\app\\build\\intermediates\\res\\merged\\debug\\drawable-hdpi-v4\\ic_cast_grey.png",
        "source": "C:\\Users\\Ming\\AndroidStudioProjects\\CS499APP\\app\\build\\intermediates\\exploded-aar\\com.android.support\\mediarouter-v7\\24.0.0\\res\\drawable-hdpi-v4\\ic_cast_grey.png"
    },
    {
        "merged": "C:\\Users\\Ming\\AndroidStudioProjects\\CS499APP\\app\\build\\intermediates\\res\\merged\\debug\\drawable-hdpi-v4\\cast_ic_stop_circle_filled_grey600.png",
        "source": "C:\\Users\\Ming\\AndroidStudioProjects\\CS499APP\\app\\build\\intermediates\\exploded-aar\\com.google.android.gms\\play-services-cast-framework\\9.8.0\\res\\drawable-hdpi-v4\\cast_ic_stop_circle_filled_grey600.png"
    },
    {
        "merged": "C:\\Users\\Ming\\AndroidStudioProjects\\CS499APP\\app\\build\\intermediates\\res\\merged\\debug\\drawable-hdpi-v4\\abc_ic_menu_copy_mtrl_am_alpha.png",
        "source": "C:\\Users\\Ming\\AndroidStudioProjects\\CS499APP\\app\\build\\intermediates\\exploded-aar\\com.android.support\\appcompat-v7\\24.1.1\\res\\drawable-hdpi-v4\\abc_ic_menu_copy_mtrl_am_alpha.png"
    },
    {
        "merged": "C:\\Users\\Ming\\AndroidStudioProjects\\CS499APP\\app\\build\\intermediates\\res\\merged\\debug\\drawable-hdpi-v4\\quantum_ic_play_arrow_white_24.png",
        "source": "C:\\Users\\Ming\\AndroidStudioProjects\\CS499APP\\app\\build\\intermediates\\exploded-aar\\com.google.android.gms\\play-services-cast-framework\\9.8.0\\res\\drawable-hdpi-v4\\quantum_ic_play_arrow_white_24.png"
    },
    {
        "merged": "C:\\Users\\Ming\\AndroidStudioProjects\\CS499APP\\app\\build\\intermediates\\res\\merged\\debug\\drawable-hdpi-v4\\quantum_ic_skip_next_grey600_36.png",
        "source": "C:\\Users\\Ming\\AndroidStudioProjects\\CS499APP\\app\\build\\intermediates\\exploded-aar\\com.google.android.gms\\play-services-cast-framework\\9.8.0\\res\\drawable-hdpi-v4\\quantum_ic_skip_next_grey600_36.png"
    },
    {
        "merged": "C:\\Users\\Ming\\AndroidStudioProjects\\CS499APP\\app\\build\\intermediates\\res\\merged\\debug\\drawable-hdpi-v4\\common_google_signin_btn_icon_light_disabled.9.png",
        "source": "C:\\Users\\Ming\\AndroidStudioProjects\\CS499APP\\app\\build\\intermediates\\exploded-aar\\com.google.android.gms\\play-services-base\\9.8.0\\res\\drawable-hdpi-v4\\common_google_signin_btn_icon_light_disabled.9.png"
    },
    {
        "merged": "C:\\Users\\Ming\\AndroidStudioProjects\\CS499APP\\app\\build\\intermediates\\res\\merged\\debug\\drawable-hdpi-v4\\quantum_ic_forward_30_white_24.png",
        "source": "C:\\Users\\Ming\\AndroidStudioProjects\\CS499APP\\app\\build\\intermediates\\exploded-aar\\com.google.android.gms\\play-services-cast-framework\\9.8.0\\res\\drawable-hdpi-v4\\quantum_ic_forward_30_white_24.png"
    },
    {
        "merged": "C:\\Users\\Ming\\AndroidStudioProjects\\CS499APP\\app\\build\\intermediates\\res\\merged\\debug\\drawable-hdpi-v4\\cast_abc_scrubber_control_to_pressed_mtrl_000.png",
        "source": "C:\\Users\\Ming\\AndroidStudioProjects\\CS499APP\\app\\build\\intermediates\\exploded-aar\\com.google.android.gms\\play-services-cast-framework\\9.8.0\\res\\drawable-hdpi-v4\\cast_abc_scrubber_control_to_pressed_mtrl_000.png"
    },
    {
        "merged": "C:\\Users\\Ming\\AndroidStudioProjects\\CS499APP\\app\\build\\intermediates\\res\\merged\\debug\\drawable-hdpi-v4\\common_google_signin_btn_icon_dark_disabled.9.png",
        "source": "C:\\Users\\Ming\\AndroidStudioProjects\\CS499APP\\app\\build\\intermediates\\exploded-aar\\com.google.android.gms\\play-services-base\\9.8.0\\res\\drawable-hdpi-v4\\common_google_signin_btn_icon_dark_disabled.9.png"
    },
    {
        "merged": "C:\\Users\\Ming\\AndroidStudioProjects\\CS499APP\\app\\build\\intermediates\\res\\merged\\debug\\drawable-hdpi-v4\\cast_ic_notification_0.png",
        "source": "C:\\Users\\Ming\\AndroidStudioProjects\\CS499APP\\app\\build\\intermediates\\exploded-aar\\com.google.android.gms\\play-services-cast\\9.8.0\\res\\drawable-hdpi-v4\\cast_ic_notification_0.png"
    },
    {
        "merged": "C:\\Users\\Ming\\AndroidStudioProjects\\CS499APP\\app\\build\\intermediates\\res\\merged\\debug\\drawable-hdpi-v4\\abc_scrubber_primary_mtrl_alpha.9.png",
        "source": "C:\\Users\\Ming\\AndroidStudioProjects\\CS499APP\\app\\build\\intermediates\\exploded-aar\\com.android.support\\appcompat-v7\\24.1.1\\res\\drawable-hdpi-v4\\abc_scrubber_primary_mtrl_alpha.9.png"
    },
    {
        "merged": "C:\\Users\\Ming\\AndroidStudioProjects\\CS499APP\\app\\build\\intermediates\\res\\merged\\debug\\drawable-hdpi-v4\\abc_list_pressed_holo_light.9.png",
        "source": "C:\\Users\\Ming\\AndroidStudioProjects\\CS499APP\\app\\build\\intermediates\\exploded-aar\\com.android.support\\appcompat-v7\\24.1.1\\res\\drawable-hdpi-v4\\abc_list_pressed_holo_light.9.png"
    },
    {
        "merged": "C:\\Users\\Ming\\AndroidStudioProjects\\CS499APP\\app\\build\\intermediates\\res\\merged\\debug\\drawable-hdpi-v4\\abc_scrubber_control_to_pressed_mtrl_005.png",
        "source": "C:\\Users\\Ming\\AndroidStudioProjects\\CS499APP\\app\\build\\intermediates\\exploded-aar\\com.android.support\\appcompat-v7\\24.1.1\\res\\drawable-hdpi-v4\\abc_scrubber_control_to_pressed_mtrl_005.png"
    },
    {
        "merged": "C:\\Users\\Ming\\AndroidStudioProjects\\CS499APP\\app\\build\\intermediates\\res\\merged\\debug\\drawable-hdpi-v4\\quantum_ic_volume_up_grey600_36.png",
        "source": "C:\\Users\\Ming\\AndroidStudioProjects\\CS499APP\\app\\build\\intermediates\\exploded-aar\\com.google.android.gms\\play-services-cast-framework\\9.8.0\\res\\drawable-hdpi-v4\\quantum_ic_volume_up_grey600_36.png"
    },
    {
        "merged": "C:\\Users\\Ming\\AndroidStudioProjects\\CS499APP\\app\\build\\intermediates\\res\\merged\\debug\\drawable-hdpi-v4\\quantum_ic_closed_caption_white_36.png",
        "source": "C:\\Users\\Ming\\AndroidStudioProjects\\CS499APP\\app\\build\\intermediates\\exploded-aar\\com.google.android.gms\\play-services-cast-framework\\9.8.0\\res\\drawable-hdpi-v4\\quantum_ic_closed_caption_white_36.png"
    },
    {
        "merged": "C:\\Users\\Ming\\AndroidStudioProjects\\CS499APP\\app\\build\\intermediates\\res\\merged\\debug\\drawable-hdpi-v4\\ic_speaker_group_dark.png",
        "source": "C:\\Users\\Ming\\AndroidStudioProjects\\CS499APP\\app\\build\\intermediates\\exploded-aar\\com.android.support\\mediarouter-v7\\24.0.0\\res\\drawable-hdpi-v4\\ic_speaker_group_dark.png"
    },
    {
        "merged": "C:\\Users\\Ming\\AndroidStudioProjects\\CS499APP\\app\\build\\intermediates\\res\\merged\\debug\\drawable-hdpi-v4\\abc_ic_star_half_black_36dp.png",
        "source": "C:\\Users\\Ming\\AndroidStudioProjects\\CS499APP\\app\\build\\intermediates\\exploded-aar\\com.android.support\\appcompat-v7\\24.1.1\\res\\drawable-hdpi-v4\\abc_ic_star_half_black_36dp.png"
    },
    {
        "merged": "C:\\Users\\Ming\\AndroidStudioProjects\\CS499APP\\app\\build\\intermediates\\res\\merged\\debug\\drawable-hdpi-v4\\quantum_ic_forward_30_white_36.png",
        "source": "C:\\Users\\Ming\\AndroidStudioProjects\\CS499APP\\app\\build\\intermediates\\exploded-aar\\com.google.android.gms\\play-services-cast-framework\\9.8.0\\res\\drawable-hdpi-v4\\quantum_ic_forward_30_white_36.png"
    },
    {
        "merged": "C:\\Users\\Ming\\AndroidStudioProjects\\CS499APP\\app\\build\\intermediates\\res\\merged\\debug\\drawable-hdpi-v4\\quantum_ic_closed_caption_grey600_36.png",
        "source": "C:\\Users\\Ming\\AndroidStudioProjects\\CS499APP\\app\\build\\intermediates\\exploded-aar\\com.google.android.gms\\play-services-cast-framework\\9.8.0\\res\\drawable-hdpi-v4\\quantum_ic_closed_caption_grey600_36.png"
    },
    {
        "merged": "C:\\Users\\Ming\\AndroidStudioProjects\\CS499APP\\app\\build\\intermediates\\res\\merged\\debug\\drawable-hdpi-v4\\quantum_ic_pause_grey600_36.png",
        "source": "C:\\Users\\Ming\\AndroidStudioProjects\\CS499APP\\app\\build\\intermediates\\exploded-aar\\com.google.android.gms\\play-services-cast-framework\\9.8.0\\res\\drawable-hdpi-v4\\quantum_ic_pause_grey600_36.png"
    },
    {
        "merged": "C:\\Users\\Ming\\AndroidStudioProjects\\CS499APP\\app\\build\\intermediates\\res\\merged\\debug\\drawable-hdpi-v4\\abc_textfield_activated_mtrl_alpha.9.png",
        "source": "C:\\Users\\Ming\\AndroidStudioProjects\\CS499APP\\app\\build\\intermediates\\exploded-aar\\com.android.support\\appcompat-v7\\24.1.1\\res\\drawable-hdpi-v4\\abc_textfield_activated_mtrl_alpha.9.png"
    },
    {
        "merged": "C:\\Users\\Ming\\AndroidStudioProjects\\CS499APP\\app\\build\\intermediates\\res\\merged\\debug\\drawable-hdpi-v4\\quantum_ic_forward_30_grey600_36.png",
        "source": "C:\\Users\\Ming\\AndroidStudioProjects\\CS499APP\\app\\build\\intermediates\\exploded-aar\\com.google.android.gms\\play-services-cast-framework\\9.8.0\\res\\drawable-hdpi-v4\\quantum_ic_forward_30_grey600_36.png"
    },
    {
        "merged": "C:\\Users\\Ming\\AndroidStudioProjects\\CS499APP\\app\\build\\intermediates\\res\\merged\\debug\\drawable-hdpi-v4\\ic_pause_dark.png",
        "source": "C:\\Users\\Ming\\AndroidStudioProjects\\CS499APP\\app\\build\\intermediates\\exploded-aar\\com.android.support\\mediarouter-v7\\24.0.0\\res\\drawable-hdpi-v4\\ic_pause_dark.png"
    },
    {
        "merged": "C:\\Users\\Ming\\AndroidStudioProjects\\CS499APP\\app\\build\\intermediates\\res\\merged\\debug\\drawable-hdpi-v4\\abc_popup_background_mtrl_mult.9.png",
        "source": "C:\\Users\\Ming\\AndroidStudioProjects\\CS499APP\\app\\build\\intermediates\\exploded-aar\\com.android.support\\appcompat-v7\\24.1.1\\res\\drawable-hdpi-v4\\abc_popup_background_mtrl_mult.9.png"
    },
    {
        "merged": "C:\\Users\\Ming\\AndroidStudioProjects\\CS499APP\\app\\build\\intermediates\\res\\merged\\debug\\drawable-hdpi-v4\\common_google_signin_btn_text_light_normal.9.png",
        "source": "C:\\Users\\Ming\\AndroidStudioProjects\\CS499APP\\app\\build\\intermediates\\exploded-aar\\com.google.android.gms\\play-services-base\\9.8.0\\res\\drawable-hdpi-v4\\common_google_signin_btn_text_light_normal.9.png"
    },
    {
        "merged": "C:\\Users\\Ming\\AndroidStudioProjects\\CS499APP\\app\\build\\intermediates\\res\\merged\\debug\\drawable-hdpi-v4\\quantum_ic_play_circle_filled_white_36.png",
        "source": "C:\\Users\\Ming\\AndroidStudioProjects\\CS499APP\\app\\build\\intermediates\\exploded-aar\\com.google.android.gms\\play-services-cast-framework\\9.8.0\\res\\drawable-hdpi-v4\\quantum_ic_play_circle_filled_white_36.png"
    },
    {
        "merged": "C:\\Users\\Ming\\AndroidStudioProjects\\CS499APP\\app\\build\\intermediates\\res\\merged\\debug\\drawable-hdpi-v4\\quantum_ic_stop_white_24.png",
        "source": "C:\\Users\\Ming\\AndroidStudioProjects\\CS499APP\\app\\build\\intermediates\\exploded-aar\\com.google.android.gms\\play-services-cast-framework\\9.8.0\\res\\drawable-hdpi-v4\\quantum_ic_stop_white_24.png"
    },
    {
        "merged": "C:\\Users\\Ming\\AndroidStudioProjects\\CS499APP\\app\\build\\intermediates\\res\\merged\\debug\\drawable-hdpi-v4\\abc_tab_indicator_mtrl_alpha.9.png",
        "source": "C:\\Users\\Ming\\AndroidStudioProjects\\CS499APP\\app\\build\\intermediates\\exploded-aar\\com.android.support\\appcompat-v7\\24.1.1\\res\\drawable-hdpi-v4\\abc_tab_indicator_mtrl_alpha.9.png"
    },
    {
        "merged": "C:\\Users\\Ming\\AndroidStudioProjects\\CS499APP\\app\\build\\intermediates\\res\\merged\\debug\\drawable-hdpi-v4\\common_google_signin_btn_icon_light_normal.9.png",
        "source": "C:\\Users\\Ming\\AndroidStudioProjects\\CS499APP\\app\\build\\intermediates\\exploded-aar\\com.google.android.gms\\play-services-base\\9.8.0\\res\\drawable-hdpi-v4\\common_google_signin_btn_icon_light_normal.9.png"
    },
    {
        "merged": "C:\\Users\\Ming\\AndroidStudioProjects\\CS499APP\\app\\build\\intermediates\\res\\merged\\debug\\drawable-hdpi-v4\\cast_ic_notification_2.png",
        "source": "C:\\Users\\Ming\\AndroidStudioProjects\\CS499APP\\app\\build\\intermediates\\exploded-aar\\com.google.android.gms\\play-services-cast\\9.8.0\\res\\drawable-hdpi-v4\\cast_ic_notification_2.png"
    },
    {
        "merged": "C:\\Users\\Ming\\AndroidStudioProjects\\CS499APP\\app\\build\\intermediates\\res\\merged\\debug\\drawable-hdpi-v4\\cast_abc_scrubber_control_off_mtrl_alpha.png",
        "source": "C:\\Users\\Ming\\AndroidStudioProjects\\CS499APP\\app\\build\\intermediates\\exploded-aar\\com.google.android.gms\\play-services-cast-framework\\9.8.0\\res\\drawable-hdpi-v4\\cast_abc_scrubber_control_off_mtrl_alpha.png"
    },
    {
        "merged": "C:\\Users\\Ming\\AndroidStudioProjects\\CS499APP\\app\\build\\intermediates\\res\\merged\\debug\\drawable-hdpi-v4\\abc_switch_track_mtrl_alpha.9.png",
        "source": "C:\\Users\\Ming\\AndroidStudioProjects\\CS499APP\\app\\build\\intermediates\\exploded-aar\\com.android.support\\appcompat-v7\\24.1.1\\res\\drawable-hdpi-v4\\abc_switch_track_mtrl_alpha.9.png"
    },
    {
        "merged": "C:\\Users\\Ming\\AndroidStudioProjects\\CS499APP\\app\\build\\intermediates\\res\\merged\\debug\\drawable-hdpi-v4\\quantum_ic_replay_30_white_36.png",
        "source": "C:\\Users\\Ming\\AndroidStudioProjects\\CS499APP\\app\\build\\intermediates\\exploded-aar\\com.google.android.gms\\play-services-cast-framework\\9.8.0\\res\\drawable-hdpi-v4\\quantum_ic_replay_30_white_36.png"
    },
    {
        "merged": "C:\\Users\\Ming\\AndroidStudioProjects\\CS499APP\\app\\build\\intermediates\\res\\merged\\debug\\drawable-hdpi-v4\\abc_textfield_search_default_mtrl_alpha.9.png",
        "source": "C:\\Users\\Ming\\AndroidStudioProjects\\CS499APP\\app\\build\\intermediates\\exploded-aar\\com.android.support\\appcompat-v7\\24.1.1\\res\\drawable-hdpi-v4\\abc_textfield_search_default_mtrl_alpha.9.png"
    },
    {
        "merged": "C:\\Users\\Ming\\AndroidStudioProjects\\CS499APP\\app\\build\\intermediates\\res\\merged\\debug\\drawable-hdpi-v4\\quantum_ic_cast_connected_white_24.png",
        "source": "C:\\Users\\Ming\\AndroidStudioProjects\\CS499APP\\app\\build\\intermediates\\exploded-aar\\com.google.android.gms\\play-services-cast-framework\\9.8.0\\res\\drawable-hdpi-v4\\quantum_ic_cast_connected_white_24.png"
    },
    {
        "merged": "C:\\Users\\Ming\\AndroidStudioProjects\\CS499APP\\app\\build\\intermediates\\res\\merged\\debug\\drawable-hdpi-v4\\quantum_ic_skip_previous_grey600_36.png",
        "source": "C:\\Users\\Ming\\AndroidStudioProjects\\CS499APP\\app\\build\\intermediates\\exploded-aar\\com.google.android.gms\\play-services-cast-framework\\9.8.0\\res\\drawable-hdpi-v4\\quantum_ic_skip_previous_grey600_36.png"
    },
    {
        "merged": "C:\\Users\\Ming\\AndroidStudioProjects\\CS499APP\\app\\build\\intermediates\\res\\merged\\debug\\drawable-hdpi-v4\\abc_ic_star_half_black_16dp.png",
        "source": "C:\\Users\\Ming\\AndroidStudioProjects\\CS499APP\\app\\build\\intermediates\\exploded-aar\\com.android.support\\appcompat-v7\\24.1.1\\res\\drawable-hdpi-v4\\abc_ic_star_half_black_16dp.png"
    },
    {
        "merged": "C:\\Users\\Ming\\AndroidStudioProjects\\CS499APP\\app\\build\\intermediates\\res\\merged\\debug\\drawable-hdpi-v4\\abc_btn_radio_to_on_mtrl_000.png",
        "source": "C:\\Users\\Ming\\AndroidStudioProjects\\CS499APP\\app\\build\\intermediates\\exploded-aar\\com.android.support\\appcompat-v7\\24.1.1\\res\\drawable-hdpi-v4\\abc_btn_radio_to_on_mtrl_000.png"
    },
    {
        "merged": "C:\\Users\\Ming\\AndroidStudioProjects\\CS499APP\\app\\build\\intermediates\\res\\merged\\debug\\drawable-hdpi-v4\\ic_close_dark.png",
        "source": "C:\\Users\\Ming\\AndroidStudioProjects\\CS499APP\\app\\build\\intermediates\\exploded-aar\\com.android.support\\mediarouter-v7\\24.0.0\\res\\drawable-hdpi-v4\\ic_close_dark.png"
    },
    {
        "merged": "C:\\Users\\Ming\\AndroidStudioProjects\\CS499APP\\app\\build\\intermediates\\res\\merged\\debug\\drawable-hdpi-v4\\cast_ic_notification_on.png",
        "source": "C:\\Users\\Ming\\AndroidStudioProjects\\CS499APP\\app\\build\\intermediates\\exploded-aar\\com.google.android.gms\\play-services-cast\\9.8.0\\res\\drawable-hdpi-v4\\cast_ic_notification_on.png"
    },
    {
        "merged": "C:\\Users\\Ming\\AndroidStudioProjects\\CS499APP\\app\\build\\intermediates\\res\\merged\\debug\\drawable-hdpi-v4\\abc_ic_commit_search_api_mtrl_alpha.png",
        "source": "C:\\Users\\Ming\\AndroidStudioProjects\\CS499APP\\app\\build\\intermediates\\exploded-aar\\com.android.support\\appcompat-v7\\24.1.1\\res\\drawable-hdpi-v4\\abc_ic_commit_search_api_mtrl_alpha.png"
    },
    {
        "merged": "C:\\Users\\Ming\\AndroidStudioProjects\\CS499APP\\app\\build\\intermediates\\res\\merged\\debug\\drawable-hdpi-v4\\abc_ic_menu_paste_mtrl_am_alpha.png",
        "source": "C:\\Users\\Ming\\AndroidStudioProjects\\CS499APP\\app\\build\\intermediates\\exploded-aar\\com.android.support\\appcompat-v7\\24.1.1\\res\\drawable-hdpi-v4\\abc_ic_menu_paste_mtrl_am_alpha.png"
    },
    {
        "merged": "C:\\Users\\Ming\\AndroidStudioProjects\\CS499APP\\app\\build\\intermediates\\res\\merged\\debug\\drawable-hdpi-v4\\ic_media_route_disabled_mono_dark.png",
        "source": "C:\\Users\\Ming\\AndroidStudioProjects\\CS499APP\\app\\build\\intermediates\\exploded-aar\\com.android.support\\mediarouter-v7\\24.0.0\\res\\drawable-hdpi-v4\\ic_media_route_disabled_mono_dark.png"
    },
    {
        "merged": "C:\\Users\\Ming\\AndroidStudioProjects\\CS499APP\\app\\build\\intermediates\\res\\merged\\debug\\drawable-hdpi-v4\\quantum_ic_play_circle_filled_grey600_36.png",
        "source": "C:\\Users\\Ming\\AndroidStudioProjects\\CS499APP\\app\\build\\intermediates\\exploded-aar\\com.google.android.gms\\play-services-cast-framework\\9.8.0\\res\\drawable-hdpi-v4\\quantum_ic_play_circle_filled_grey600_36.png"
    },
    {
        "merged": "C:\\Users\\Ming\\AndroidStudioProjects\\CS499APP\\app\\build\\intermediates\\res\\merged\\debug\\drawable-hdpi-v4\\quantum_ic_pause_circle_filled_white_36.png",
        "source": "C:\\Users\\Ming\\AndroidStudioProjects\\CS499APP\\app\\build\\intermediates\\exploded-aar\\com.google.android.gms\\play-services-cast-framework\\9.8.0\\res\\drawable-hdpi-v4\\quantum_ic_pause_circle_filled_white_36.png"
    },
    {
        "merged": "C:\\Users\\Ming\\AndroidStudioProjects\\CS499APP\\app\\build\\intermediates\\res\\merged\\debug\\drawable-hdpi-v4\\quantum_ic_cast_white_36.png",
        "source": "C:\\Users\\Ming\\AndroidStudioProjects\\CS499APP\\app\\build\\intermediates\\exploded-aar\\com.google.android.gms\\play-services-cast-framework\\9.8.0\\res\\drawable-hdpi-v4\\quantum_ic_cast_white_36.png"
    },
    {
        "merged": "C:\\Users\\Ming\\AndroidStudioProjects\\CS499APP\\app\\build\\intermediates\\res\\merged\\debug\\drawable-hdpi-v4\\ic_cast_disabled_light.png",
        "source": "C:\\Users\\Ming\\AndroidStudioProjects\\CS499APP\\app\\build\\intermediates\\exploded-aar\\com.android.support\\mediarouter-v7\\24.0.0\\res\\drawable-hdpi-v4\\ic_cast_disabled_light.png"
    },
    {
        "merged": "C:\\Users\\Ming\\AndroidStudioProjects\\CS499APP\\app\\build\\intermediates\\res\\merged\\debug\\drawable-hdpi-v4\\ic_audiotrack.png",
        "source": "C:\\Users\\Ming\\AndroidStudioProjects\\CS499APP\\app\\build\\intermediates\\exploded-aar\\com.android.support\\mediarouter-v7\\24.0.0\\res\\drawable-hdpi-v4\\ic_audiotrack.png"
    },
    {
        "merged": "C:\\Users\\Ming\\AndroidStudioProjects\\CS499APP\\app\\build\\intermediates\\res\\merged\\debug\\drawable-hdpi-v4\\abc_btn_switch_to_on_mtrl_00012.9.png",
        "source": "C:\\Users\\Ming\\AndroidStudioProjects\\CS499APP\\app\\build\\intermediates\\exploded-aar\\com.android.support\\appcompat-v7\\24.1.1\\res\\drawable-hdpi-v4\\abc_btn_switch_to_on_mtrl_00012.9.png"
    },
    {
        "merged": "C:\\Users\\Ming\\AndroidStudioProjects\\CS499APP\\app\\build\\intermediates\\res\\merged\\debug\\drawable-hdpi-v4\\abc_spinner_mtrl_am_alpha.9.png",
        "source": "C:\\Users\\Ming\\AndroidStudioProjects\\CS499APP\\app\\build\\intermediates\\exploded-aar\\com.android.support\\appcompat-v7\\24.1.1\\res\\drawable-hdpi-v4\\abc_spinner_mtrl_am_alpha.9.png"
    },
    {
        "merged": "C:\\Users\\Ming\\AndroidStudioProjects\\CS499APP\\app\\build\\intermediates\\res\\merged\\debug\\drawable-hdpi-v4\\abc_list_pressed_holo_dark.9.png",
        "source": "C:\\Users\\Ming\\AndroidStudioProjects\\CS499APP\\app\\build\\intermediates\\exploded-aar\\com.android.support\\appcompat-v7\\24.1.1\\res\\drawable-hdpi-v4\\abc_list_pressed_holo_dark.9.png"
    },
    {
        "merged": "C:\\Users\\Ming\\AndroidStudioProjects\\CS499APP\\app\\build\\intermediates\\res\\merged\\debug\\drawable-hdpi-v4\\abc_scrubber_track_mtrl_alpha.9.png",
        "source": "C:\\Users\\Ming\\AndroidStudioProjects\\CS499APP\\app\\build\\intermediates\\exploded-aar\\com.android.support\\appcompat-v7\\24.1.1\\res\\drawable-hdpi-v4\\abc_scrubber_track_mtrl_alpha.9.png"
    },
    {
        "merged": "C:\\Users\\Ming\\AndroidStudioProjects\\CS499APP\\app\\build\\intermediates\\res\\merged\\debug\\drawable-hdpi-v4\\quantum_ic_pause_grey600_48.png",
        "source": "C:\\Users\\Ming\\AndroidStudioProjects\\CS499APP\\app\\build\\intermediates\\exploded-aar\\com.google.android.gms\\play-services-cast-framework\\9.8.0\\res\\drawable-hdpi-v4\\quantum_ic_pause_grey600_48.png"
    },
    {
        "merged": "C:\\Users\\Ming\\AndroidStudioProjects\\CS499APP\\app\\build\\intermediates\\res\\merged\\debug\\drawable-hdpi-v4\\quantum_ic_bigtop_updates_white_24.png",
        "source": "C:\\Users\\Ming\\AndroidStudioProjects\\CS499APP\\app\\build\\intermediates\\exploded-aar\\com.google.android.gms\\play-services-cast-framework\\9.8.0\\res\\drawable-hdpi-v4\\quantum_ic_bigtop_updates_white_24.png"
    },
    {
        "merged": "C:\\Users\\Ming\\AndroidStudioProjects\\CS499APP\\app\\build\\intermediates\\res\\merged\\debug\\drawable-hdpi-v4\\common_google_signin_btn_text_dark_pressed.9.png",
        "source": "C:\\Users\\Ming\\AndroidStudioProjects\\CS499APP\\app\\build\\intermediates\\exploded-aar\\com.google.android.gms\\play-services-base\\9.8.0\\res\\drawable-hdpi-v4\\common_google_signin_btn_text_dark_pressed.9.png"
    },
    {
        "merged": "C:\\Users\\Ming\\AndroidStudioProjects\\CS499APP\\app\\build\\intermediates\\res\\merged\\debug\\drawable-hdpi-v4\\ic_speaker_light.png",
        "source": "C:\\Users\\Ming\\AndroidStudioProjects\\CS499APP\\app\\build\\intermediates\\exploded-aar\\com.android.support\\mediarouter-v7\\24.0.0\\res\\drawable-hdpi-v4\\ic_speaker_light.png"
    },
    {
        "merged": "C:\\Users\\Ming\\AndroidStudioProjects\\CS499APP\\app\\build\\intermediates\\res\\merged\\debug\\drawable-hdpi-v4\\abc_btn_switch_to_on_mtrl_00001.9.png",
        "source": "C:\\Users\\Ming\\AndroidStudioProjects\\CS499APP\\app\\build\\intermediates\\exploded-aar\\com.android.support\\appcompat-v7\\24.1.1\\res\\drawable-hdpi-v4\\abc_btn_switch_to_on_mtrl_00001.9.png"
    },
    {
        "merged": "C:\\Users\\Ming\\AndroidStudioProjects\\CS499APP\\app\\build\\intermediates\\res\\merged\\debug\\drawable-hdpi-v4\\ic_speaker_group_light.png",
        "source": "C:\\Users\\Ming\\AndroidStudioProjects\\CS499APP\\app\\build\\intermediates\\exploded-aar\\com.android.support\\mediarouter-v7\\24.0.0\\res\\drawable-hdpi-v4\\ic_speaker_group_light.png"
    },
    {
        "merged": "C:\\Users\\Ming\\AndroidStudioProjects\\CS499APP\\app\\build\\intermediates\\res\\merged\\debug\\drawable-hdpi-v4\\ic_cast_dark.png",
        "source": "C:\\Users\\Ming\\AndroidStudioProjects\\CS499APP\\app\\build\\intermediates\\exploded-aar\\com.android.support\\mediarouter-v7\\24.0.0\\res\\drawable-hdpi-v4\\ic_cast_dark.png"
    },
    {
        "merged": "C:\\Users\\Ming\\AndroidStudioProjects\\CS499APP\\app\\build\\intermediates\\res\\merged\\debug\\drawable-hdpi-v4\\abc_scrubber_control_to_pressed_mtrl_000.png",
        "source": "C:\\Users\\Ming\\AndroidStudioProjects\\CS499APP\\app\\build\\intermediates\\exploded-aar\\com.android.support\\appcompat-v7\\24.1.1\\res\\drawable-hdpi-v4\\abc_scrubber_control_to_pressed_mtrl_000.png"
    },
    {
        "merged": "C:\\Users\\Ming\\AndroidStudioProjects\\CS499APP\\app\\build\\intermediates\\res\\merged\\debug\\drawable-hdpi-v4\\abc_ab_share_pack_mtrl_alpha.9.png",
        "source": "C:\\Users\\Ming\\AndroidStudioProjects\\CS499APP\\app\\build\\intermediates\\exploded-aar\\com.android.support\\appcompat-v7\\24.1.1\\res\\drawable-hdpi-v4\\abc_ab_share_pack_mtrl_alpha.9.png"
    },
    {
        "merged": "C:\\Users\\Ming\\AndroidStudioProjects\\CS499APP\\app\\build\\intermediates\\res\\merged\\debug\\drawable-hdpi-v4\\abc_scrubber_control_off_mtrl_alpha.png",
        "source": "C:\\Users\\Ming\\AndroidStudioProjects\\CS499APP\\app\\build\\intermediates\\exploded-aar\\com.android.support\\appcompat-v7\\24.1.1\\res\\drawable-hdpi-v4\\abc_scrubber_control_off_mtrl_alpha.png"
    },
    {
        "merged": "C:\\Users\\Ming\\AndroidStudioProjects\\CS499APP\\app\\build\\intermediates\\res\\merged\\debug\\drawable-hdpi-v4\\abc_ic_star_black_16dp.png",
        "source": "C:\\Users\\Ming\\AndroidStudioProjects\\CS499APP\\app\\build\\intermediates\\exploded-aar\\com.android.support\\appcompat-v7\\24.1.1\\res\\drawable-hdpi-v4\\abc_ic_star_black_16dp.png"
    },
    {
        "merged": "C:\\Users\\Ming\\AndroidStudioProjects\\CS499APP\\app\\build\\intermediates\\res\\merged\\debug\\drawable-hdpi-v4\\abc_list_selector_disabled_holo_light.9.png",
        "source": "C:\\Users\\Ming\\AndroidStudioProjects\\CS499APP\\app\\build\\intermediates\\exploded-aar\\com.android.support\\appcompat-v7\\24.1.1\\res\\drawable-hdpi-v4\\abc_list_selector_disabled_holo_light.9.png"
    },
    {
        "merged": "C:\\Users\\Ming\\AndroidStudioProjects\\CS499APP\\app\\build\\intermediates\\res\\merged\\debug\\drawable-hdpi-v4\\abc_list_selector_disabled_holo_dark.9.png",
        "source": "C:\\Users\\Ming\\AndroidStudioProjects\\CS499APP\\app\\build\\intermediates\\exploded-aar\\com.android.support\\appcompat-v7\\24.1.1\\res\\drawable-hdpi-v4\\abc_list_selector_disabled_holo_dark.9.png"
    },
    {
        "merged": "C:\\Users\\Ming\\AndroidStudioProjects\\CS499APP\\app\\build\\intermediates\\res\\merged\\debug\\drawable-hdpi-v4\\abc_btn_check_to_on_mtrl_000.png",
        "source": "C:\\Users\\Ming\\AndroidStudioProjects\\CS499APP\\app\\build\\intermediates\\exploded-aar\\com.android.support\\appcompat-v7\\24.1.1\\res\\drawable-hdpi-v4\\abc_btn_check_to_on_mtrl_000.png"
    },
    {
        "merged": "C:\\Users\\Ming\\AndroidStudioProjects\\CS499APP\\app\\build\\intermediates\\res\\merged\\debug\\drawable-hdpi-v4\\abc_btn_check_to_on_mtrl_015.png",
        "source": "C:\\Users\\Ming\\AndroidStudioProjects\\CS499APP\\app\\build\\intermediates\\exploded-aar\\com.android.support\\appcompat-v7\\24.1.1\\res\\drawable-hdpi-v4\\abc_btn_check_to_on_mtrl_015.png"
    },
    {
        "merged": "C:\\Users\\Ming\\AndroidStudioProjects\\CS499APP\\app\\build\\intermediates\\res\\merged\\debug\\drawable-hdpi-v4\\cast_ic_stop_circle_filled_white.png",
        "source": "C:\\Users\\Ming\\AndroidStudioProjects\\CS499APP\\app\\build\\intermediates\\exploded-aar\\com.google.android.gms\\play-services-cast-framework\\9.8.0\\res\\drawable-hdpi-v4\\cast_ic_stop_circle_filled_white.png"
    },
    {
        "merged": "C:\\Users\\Ming\\AndroidStudioProjects\\CS499APP\\app\\build\\intermediates\\res\\merged\\debug\\drawable-hdpi-v4\\ic_media_play.png",
        "source": "C:\\Users\\Ming\\AndroidStudioProjects\\CS499APP\\app\\build\\intermediates\\exploded-aar\\com.android.support\\mediarouter-v7\\24.0.0\\res\\drawable-hdpi-v4\\ic_media_play.png"
    },
    {
        "merged": "C:\\Users\\Ming\\AndroidStudioProjects\\CS499APP\\app\\build\\intermediates\\res\\merged\\debug\\drawable-hdpi-v4\\ic_tv_dark.png",
        "source": "C:\\Users\\Ming\\AndroidStudioProjects\\CS499APP\\app\\build\\intermediates\\exploded-aar\\com.android.support\\mediarouter-v7\\24.0.0\\res\\drawable-hdpi-v4\\ic_tv_dark.png"
    },
    {
        "merged": "C:\\Users\\Ming\\AndroidStudioProjects\\CS499APP\\app\\build\\intermediates\\res\\merged\\debug\\drawable-hdpi-v4\\quantum_ic_replay_30_white_24.png",
        "source": "C:\\Users\\Ming\\AndroidStudioProjects\\CS499APP\\app\\build\\intermediates\\exploded-aar\\com.google.android.gms\\play-services-cast-framework\\9.8.0\\res\\drawable-hdpi-v4\\quantum_ic_replay_30_white_24.png"
    },
    {
        "merged": "C:\\Users\\Ming\\AndroidStudioProjects\\CS499APP\\app\\build\\intermediates\\res\\merged\\debug\\drawable-hdpi-v4\\common_full_open_on_phone.png",
        "source": "C:\\Users\\Ming\\AndroidStudioProjects\\CS499APP\\app\\build\\intermediates\\exploded-aar\\com.google.android.gms\\play-services-base\\9.8.0\\res\\drawable-hdpi-v4\\common_full_open_on_phone.png"
    },
    {
        "merged": "C:\\Users\\Ming\\AndroidStudioProjects\\CS499APP\\app\\build\\intermediates\\res\\merged\\debug\\drawable-hdpi-v4\\cast_abc_scrubber_control_to_pressed_mtrl_005.png",
        "source": "C:\\Users\\Ming\\AndroidStudioProjects\\CS499APP\\app\\build\\intermediates\\exploded-aar\\com.google.android.gms\\play-services-cast-framework\\9.8.0\\res\\drawable-hdpi-v4\\cast_abc_scrubber_control_to_pressed_mtrl_005.png"
    },
    {
        "merged": "C:\\Users\\Ming\\AndroidStudioProjects\\CS499APP\\app\\build\\intermediates\\res\\merged\\debug\\drawable-hdpi-v4\\abc_list_longpressed_holo.9.png",
        "source": "C:\\Users\\Ming\\AndroidStudioProjects\\CS499APP\\app\\build\\intermediates\\exploded-aar\\com.android.support\\appcompat-v7\\24.1.1\\res\\drawable-hdpi-v4\\abc_list_longpressed_holo.9.png"
    },
    {
        "merged": "C:\\Users\\Ming\\AndroidStudioProjects\\CS499APP\\app\\build\\intermediates\\res\\merged\\debug\\drawable-hdpi-v4\\cast_abc_scrubber_primary_mtrl_alpha.9.png",
        "source": "C:\\Users\\Ming\\AndroidStudioProjects\\CS499APP\\app\\build\\intermediates\\exploded-aar\\com.google.android.gms\\play-services-cast-framework\\9.8.0\\res\\drawable-hdpi-v4\\cast_abc_scrubber_primary_mtrl_alpha.9.png"
    },
    {
        "merged": "C:\\Users\\Ming\\AndroidStudioProjects\\CS499APP\\app\\build\\intermediates\\res\\merged\\debug\\drawable-hdpi-v4\\ic_media_pause.png",
        "source": "C:\\Users\\Ming\\AndroidStudioProjects\\CS499APP\\app\\build\\intermediates\\exploded-aar\\com.android.support\\mediarouter-v7\\24.0.0\\res\\drawable-hdpi-v4\\ic_media_pause.png"
    },
    {
        "merged": "C:\\Users\\Ming\\AndroidStudioProjects\\CS499APP\\app\\build\\intermediates\\res\\merged\\debug\\drawable-hdpi-v4\\ic_close_light.png",
        "source": "C:\\Users\\Ming\\AndroidStudioProjects\\CS499APP\\app\\build\\intermediates\\exploded-aar\\com.android.support\\mediarouter-v7\\24.0.0\\res\\drawable-hdpi-v4\\ic_close_light.png"
    },
    {
        "merged": "C:\\Users\\Ming\\AndroidStudioProjects\\CS499APP\\app\\build\\intermediates\\res\\merged\\debug\\drawable-hdpi-v4\\quantum_ic_skip_next_white_36.png",
        "source": "C:\\Users\\Ming\\AndroidStudioProjects\\CS499APP\\app\\build\\intermediates\\exploded-aar\\com.google.android.gms\\play-services-cast-framework\\9.8.0\\res\\drawable-hdpi-v4\\quantum_ic_skip_next_white_36.png"
    },
    {
        "merged": "C:\\Users\\Ming\\AndroidStudioProjects\\CS499APP\\app\\build\\intermediates\\res\\merged\\debug\\drawable-hdpi-v4\\abc_ic_menu_cut_mtrl_alpha.png",
        "source": "C:\\Users\\Ming\\AndroidStudioProjects\\CS499APP\\app\\build\\intermediates\\exploded-aar\\com.android.support\\appcompat-v7\\24.1.1\\res\\drawable-hdpi-v4\\abc_ic_menu_cut_mtrl_alpha.png"
    },
    {
        "merged": "C:\\Users\\Ming\\AndroidStudioProjects\\CS499APP\\app\\build\\intermediates\\res\\merged\\debug\\drawable-hdpi-v4\\ic_cast_white.png",
        "source": "C:\\Users\\Ming\\AndroidStudioProjects\\CS499APP\\app\\build\\intermediates\\exploded-aar\\com.android.support\\mediarouter-v7\\24.0.0\\res\\drawable-hdpi-v4\\ic_cast_white.png"
    },
    {
        "merged": "C:\\Users\\Ming\\AndroidStudioProjects\\CS499APP\\app\\build\\intermediates\\res\\merged\\debug\\drawable-hdpi-v4\\abc_textfield_default_mtrl_alpha.9.png",
        "source": "C:\\Users\\Ming\\AndroidStudioProjects\\CS499APP\\app\\build\\intermediates\\exploded-aar\\com.android.support\\appcompat-v7\\24.1.1\\res\\drawable-hdpi-v4\\abc_textfield_default_mtrl_alpha.9.png"
    },
    {
        "merged": "C:\\Users\\Ming\\AndroidStudioProjects\\CS499APP\\app\\build\\intermediates\\res\\merged\\debug\\drawable-hdpi-v4\\common_google_signin_btn_icon_light_pressed.9.png",
        "source": "C:\\Users\\Ming\\AndroidStudioProjects\\CS499APP\\app\\build\\intermediates\\exploded-aar\\com.google.android.gms\\play-services-base\\9.8.0\\res\\drawable-hdpi-v4\\common_google_signin_btn_icon_light_pressed.9.png"
    },
    {
        "merged": "C:\\Users\\Ming\\AndroidStudioProjects\\CS499APP\\app\\build\\intermediates\\res\\merged\\debug\\drawable-hdpi-v4\\ic_media_route_off_mono_dark.png",
        "source": "C:\\Users\\Ming\\AndroidStudioProjects\\CS499APP\\app\\build\\intermediates\\exploded-aar\\com.android.support\\mediarouter-v7\\24.0.0\\res\\drawable-hdpi-v4\\ic_media_route_off_mono_dark.png"
    },
    {
        "merged": "C:\\Users\\Ming\\AndroidStudioProjects\\CS499APP\\app\\build\\intermediates\\res\\merged\\debug\\drawable-hdpi-v4\\abc_ic_star_black_48dp.png",
        "source": "C:\\Users\\Ming\\AndroidStudioProjects\\CS499APP\\app\\build\\intermediates\\exploded-aar\\com.android.support\\appcompat-v7\\24.1.1\\res\\drawable-hdpi-v4\\abc_ic_star_black_48dp.png"
    },
    {
        "merged": "C:\\Users\\Ming\\AndroidStudioProjects\\CS499APP\\app\\build\\intermediates\\res\\merged\\debug\\drawable-hdpi-v4\\quantum_ic_play_arrow_grey600_36.png",
        "source": "C:\\Users\\Ming\\AndroidStudioProjects\\CS499APP\\app\\build\\intermediates\\exploded-aar\\com.google.android.gms\\play-services-cast-framework\\9.8.0\\res\\drawable-hdpi-v4\\quantum_ic_play_arrow_grey600_36.png"
    },
    {
        "merged": "C:\\Users\\Ming\\AndroidStudioProjects\\CS499APP\\app\\build\\intermediates\\res\\merged\\debug\\drawable-hdpi-v4\\quantum_ic_stop_grey600_48.png",
        "source": "C:\\Users\\Ming\\AndroidStudioProjects\\CS499APP\\app\\build\\intermediates\\exploded-aar\\com.google.android.gms\\play-services-cast-framework\\9.8.0\\res\\drawable-hdpi-v4\\quantum_ic_stop_grey600_48.png"
    },
    {
        "merged": "C:\\Users\\Ming\\AndroidStudioProjects\\CS499APP\\app\\build\\intermediates\\res\\merged\\debug\\drawable-hdpi-v4\\ic_audiotrack_light.png",
        "source": "C:\\Users\\Ming\\AndroidStudioProjects\\CS499APP\\app\\build\\intermediates\\exploded-aar\\com.android.support\\mediarouter-v7\\24.0.0\\res\\drawable-hdpi-v4\\ic_audiotrack_light.png"
    },
    {
        "merged": "C:\\Users\\Ming\\AndroidStudioProjects\\CS499APP\\app\\build\\intermediates\\res\\merged\\debug\\drawable-hdpi-v4\\quantum_ic_skip_previous_white_24.png",
        "source": "C:\\Users\\Ming\\AndroidStudioProjects\\CS499APP\\app\\build\\intermediates\\exploded-aar\\com.google.android.gms\\play-services-cast-framework\\9.8.0\\res\\drawable-hdpi-v4\\quantum_ic_skip_previous_white_24.png"
    },
    {
        "merged": "C:\\Users\\Ming\\AndroidStudioProjects\\CS499APP\\app\\build\\intermediates\\res\\merged\\debug\\drawable-hdpi-v4\\ic_tv_light.png",
        "source": "C:\\Users\\Ming\\AndroidStudioProjects\\CS499APP\\app\\build\\intermediates\\exploded-aar\\com.android.support\\mediarouter-v7\\24.0.0\\res\\drawable-hdpi-v4\\ic_tv_light.png"
    },
    {
        "merged": "C:\\Users\\Ming\\AndroidStudioProjects\\CS499APP\\app\\build\\intermediates\\res\\merged\\debug\\drawable-hdpi-v4\\common_google_signin_btn_text_light_disabled.9.png",
        "source": "C:\\Users\\Ming\\AndroidStudioProjects\\CS499APP\\app\\build\\intermediates\\exploded-aar\\com.google.android.gms\\play-services-base\\9.8.0\\res\\drawable-hdpi-v4\\common_google_signin_btn_text_light_disabled.9.png"
    },
    {
        "merged": "C:\\Users\\Ming\\AndroidStudioProjects\\CS499APP\\app\\build\\intermediates\\res\\merged\\debug\\drawable-hdpi-v4\\quantum_ic_replay_30_grey600_36.png",
        "source": "C:\\Users\\Ming\\AndroidStudioProjects\\CS499APP\\app\\build\\intermediates\\exploded-aar\\com.google.android.gms\\play-services-cast-framework\\9.8.0\\res\\drawable-hdpi-v4\\quantum_ic_replay_30_grey600_36.png"
    },
    {
        "merged": "C:\\Users\\Ming\\AndroidStudioProjects\\CS499APP\\app\\build\\intermediates\\res\\merged\\debug\\drawable-hdpi-v4\\quantum_ic_replay_white_24.png",
        "source": "C:\\Users\\Ming\\AndroidStudioProjects\\CS499APP\\app\\build\\intermediates\\exploded-aar\\com.google.android.gms\\play-services-cast-framework\\9.8.0\\res\\drawable-hdpi-v4\\quantum_ic_replay_white_24.png"
    },
    {
        "merged": "C:\\Users\\Ming\\AndroidStudioProjects\\CS499APP\\app\\build\\intermediates\\res\\merged\\debug\\drawable-hdpi-v4\\ic_cast_light.png",
        "source": "C:\\Users\\Ming\\AndroidStudioProjects\\CS499APP\\app\\build\\intermediates\\exploded-aar\\com.android.support\\mediarouter-v7\\24.0.0\\res\\drawable-hdpi-v4\\ic_cast_light.png"
    },
    {
        "merged": "C:\\Users\\Ming\\AndroidStudioProjects\\CS499APP\\app\\build\\intermediates\\res\\merged\\debug\\drawable-hdpi-v4\\abc_btn_radio_to_on_mtrl_015.png",
        "source": "C:\\Users\\Ming\\AndroidStudioProjects\\CS499APP\\app\\build\\intermediates\\exploded-aar\\com.android.support\\appcompat-v7\\24.1.1\\res\\drawable-hdpi-v4\\abc_btn_radio_to_on_mtrl_015.png"
    },
    {
        "merged": "C:\\Users\\Ming\\AndroidStudioProjects\\CS499APP\\app\\build\\intermediates\\res\\merged\\debug\\drawable-hdpi-v4\\quantum_ic_play_arrow_grey600_48.png",
        "source": "C:\\Users\\Ming\\AndroidStudioProjects\\CS499APP\\app\\build\\intermediates\\exploded-aar\\com.google.android.gms\\play-services-cast-framework\\9.8.0\\res\\drawable-hdpi-v4\\quantum_ic_play_arrow_grey600_48.png"
    },
    {
        "merged": "C:\\Users\\Ming\\AndroidStudioProjects\\CS499APP\\app\\build\\intermediates\\res\\merged\\debug\\drawable-hdpi-v4\\quantum_ic_refresh_white_24.png",
        "source": "C:\\Users\\Ming\\AndroidStudioProjects\\CS499APP\\app\\build\\intermediates\\exploded-aar\\com.google.android.gms\\play-services-cast-framework\\9.8.0\\res\\drawable-hdpi-v4\\quantum_ic_refresh_white_24.png"
    },
    {
        "merged": "C:\\Users\\Ming\\AndroidStudioProjects\\CS499APP\\app\\build\\intermediates\\res\\merged\\debug\\drawable-hdpi-v4\\common_google_signin_btn_text_dark_disabled.9.png",
        "source": "C:\\Users\\Ming\\AndroidStudioProjects\\CS499APP\\app\\build\\intermediates\\exploded-aar\\com.google.android.gms\\play-services-base\\9.8.0\\res\\drawable-hdpi-v4\\common_google_signin_btn_text_dark_disabled.9.png"
    },
    {
        "merged": "C:\\Users\\Ming\\AndroidStudioProjects\\CS499APP\\app\\build\\intermediates\\res\\merged\\debug\\drawable-hdpi-v4\\common_google_signin_btn_icon_dark_pressed.9.png",
        "source": "C:\\Users\\Ming\\AndroidStudioProjects\\CS499APP\\app\\build\\intermediates\\exploded-aar\\com.google.android.gms\\play-services-base\\9.8.0\\res\\drawable-hdpi-v4\\common_google_signin_btn_icon_dark_pressed.9.png"
    },
    {
        "merged": "C:\\Users\\Ming\\AndroidStudioProjects\\CS499APP\\app\\build\\intermediates\\res\\merged\\debug\\drawable-hdpi-v4\\abc_ic_menu_selectall_mtrl_alpha.png",
        "source": "C:\\Users\\Ming\\AndroidStudioProjects\\CS499APP\\app\\build\\intermediates\\exploded-aar\\com.android.support\\appcompat-v7\\24.1.1\\res\\drawable-hdpi-v4\\abc_ic_menu_selectall_mtrl_alpha.png"
    },
    {
        "merged": "C:\\Users\\Ming\\AndroidStudioProjects\\CS499APP\\app\\build\\intermediates\\res\\merged\\debug\\drawable-hdpi-v4\\common_google_signin_btn_text_dark_normal.9.png",
        "source": "C:\\Users\\Ming\\AndroidStudioProjects\\CS499APP\\app\\build\\intermediates\\exploded-aar\\com.google.android.gms\\play-services-base\\9.8.0\\res\\drawable-hdpi-v4\\common_google_signin_btn_text_dark_normal.9.png"
    },
    {
        "merged": "C:\\Users\\Ming\\AndroidStudioProjects\\CS499APP\\app\\build\\intermediates\\res\\merged\\debug\\drawable-hdpi-v4\\ic_play_light.png",
        "source": "C:\\Users\\Ming\\AndroidStudioProjects\\CS499APP\\app\\build\\intermediates\\exploded-aar\\com.android.support\\mediarouter-v7\\24.0.0\\res\\drawable-hdpi-v4\\ic_play_light.png"
    },
    {
        "merged": "C:\\Users\\Ming\\AndroidStudioProjects\\CS499APP\\app\\build\\intermediates\\res\\merged\\debug\\drawable-hdpi-v4\\ic_pause_light.png",
        "source": "C:\\Users\\Ming\\AndroidStudioProjects\\CS499APP\\app\\build\\intermediates\\exploded-aar\\com.android.support\\mediarouter-v7\\24.0.0\\res\\drawable-hdpi-v4\\ic_pause_light.png"
    },
    {
        "merged": "C:\\Users\\Ming\\AndroidStudioProjects\\CS499APP\\app\\build\\intermediates\\res\\merged\\debug\\drawable-hdpi-v4\\quantum_ic_stop_grey600_36.png",
        "source": "C:\\Users\\Ming\\AndroidStudioProjects\\CS499APP\\app\\build\\intermediates\\exploded-aar\\com.google.android.gms\\play-services-cast-framework\\9.8.0\\res\\drawable-hdpi-v4\\quantum_ic_stop_grey600_36.png"
    },
    {
        "merged": "C:\\Users\\Ming\\AndroidStudioProjects\\CS499APP\\app\\build\\intermediates\\res\\merged\\debug\\drawable-hdpi-v4\\quantum_ic_forward_10_white_24.png",
        "source": "C:\\Users\\Ming\\AndroidStudioProjects\\CS499APP\\app\\build\\intermediates\\exploded-aar\\com.google.android.gms\\play-services-cast-framework\\9.8.0\\res\\drawable-hdpi-v4\\quantum_ic_forward_10_white_24.png"
    },
    {
        "merged": "C:\\Users\\Ming\\AndroidStudioProjects\\CS499APP\\app\\build\\intermediates\\res\\merged\\debug\\drawable-hdpi-v4\\abc_textfield_search_activated_mtrl_alpha.9.png",
        "source": "C:\\Users\\Ming\\AndroidStudioProjects\\CS499APP\\app\\build\\intermediates\\exploded-aar\\com.android.support\\appcompat-v7\\24.1.1\\res\\drawable-hdpi-v4\\abc_textfield_search_activated_mtrl_alpha.9.png"
    },
    {
        "merged": "C:\\Users\\Ming\\AndroidStudioProjects\\CS499APP\\app\\build\\intermediates\\res\\merged\\debug\\drawable-hdpi-v4\\quantum_ic_clear_white_24.png",
        "source": "C:\\Users\\Ming\\AndroidStudioProjects\\CS499APP\\app\\build\\intermediates\\exploded-aar\\com.google.android.gms\\play-services-cast-framework\\9.8.0\\res\\drawable-hdpi-v4\\quantum_ic_clear_white_24.png"
    },
    {
        "merged": "C:\\Users\\Ming\\AndroidStudioProjects\\CS499APP\\app\\build\\intermediates\\res\\merged\\debug\\drawable-hdpi-v4\\ic_cast_off_light.png",
        "source": "C:\\Users\\Ming\\AndroidStudioProjects\\CS499APP\\app\\build\\intermediates\\exploded-aar\\com.android.support\\mediarouter-v7\\24.0.0\\res\\drawable-hdpi-v4\\ic_cast_off_light.png"
    },
    {
        "merged": "C:\\Users\\Ming\\AndroidStudioProjects\\CS499APP\\app\\build\\intermediates\\res\\merged\\debug\\drawable-hdpi-v4\\abc_ic_menu_share_mtrl_alpha.png",
        "source": "C:\\Users\\Ming\\AndroidStudioProjects\\CS499APP\\app\\build\\intermediates\\exploded-aar\\com.android.support\\appcompat-v7\\24.1.1\\res\\drawable-hdpi-v4\\abc_ic_menu_share_mtrl_alpha.png"
    },
    {
        "merged": "C:\\Users\\Ming\\AndroidStudioProjects\\CS499APP\\app\\build\\intermediates\\res\\merged\\debug\\drawable-hdpi-v4\\quantum_ic_pause_white_24.png",
        "source": "C:\\Users\\Ming\\AndroidStudioProjects\\CS499APP\\app\\build\\intermediates\\exploded-aar\\com.google.android.gms\\play-services-cast-framework\\9.8.0\\res\\drawable-hdpi-v4\\quantum_ic_pause_white_24.png"
    },
    {
        "merged": "C:\\Users\\Ming\\AndroidStudioProjects\\CS499APP\\app\\build\\intermediates\\res\\merged\\debug\\drawable-hdpi-v4\\quantum_ic_volume_up_white_36.png",
        "source": "C:\\Users\\Ming\\AndroidStudioProjects\\CS499APP\\app\\build\\intermediates\\exploded-aar\\com.google.android.gms\\play-services-cast-framework\\9.8.0\\res\\drawable-hdpi-v4\\quantum_ic_volume_up_white_36.png"
    },
    {
        "merged": "C:\\Users\\Ming\\AndroidStudioProjects\\CS499APP\\app\\build\\intermediates\\res\\merged\\debug\\drawable-hdpi-v4\\quantum_ic_volume_off_grey600_36.png",
        "source": "C:\\Users\\Ming\\AndroidStudioProjects\\CS499APP\\app\\build\\intermediates\\exploded-aar\\com.google.android.gms\\play-services-cast-framework\\9.8.0\\res\\drawable-hdpi-v4\\quantum_ic_volume_off_grey600_36.png"
    },
    {
        "merged": "C:\\Users\\Ming\\AndroidStudioProjects\\CS499APP\\app\\build\\intermediates\\res\\merged\\debug\\drawable-hdpi-v4\\common_google_signin_btn_text_light_pressed.9.png",
        "source": "C:\\Users\\Ming\\AndroidStudioProjects\\CS499APP\\app\\build\\intermediates\\exploded-aar\\com.google.android.gms\\play-services-base\\9.8.0\\res\\drawable-hdpi-v4\\common_google_signin_btn_text_light_pressed.9.png"
    },
    {
        "merged": "C:\\Users\\Ming\\AndroidStudioProjects\\CS499APP\\app\\build\\intermediates\\res\\merged\\debug\\drawable-hdpi-v4\\ic_play_dark.png",
        "source": "C:\\Users\\Ming\\AndroidStudioProjects\\CS499APP\\app\\build\\intermediates\\exploded-aar\\com.android.support\\mediarouter-v7\\24.0.0\\res\\drawable-hdpi-v4\\ic_play_dark.png"
    },
    {
        "merged": "C:\\Users\\Ming\\AndroidStudioProjects\\CS499APP\\app\\build\\intermediates\\res\\merged\\debug\\drawable-hdpi-v4\\abc_list_focused_holo.9.png",
        "source": "C:\\Users\\Ming\\AndroidStudioProjects\\CS499APP\\app\\build\\intermediates\\exploded-aar\\com.android.support\\appcompat-v7\\24.1.1\\res\\drawable-hdpi-v4\\abc_list_focused_holo.9.png"
    },
    {
        "merged": "C:\\Users\\Ming\\AndroidStudioProjects\\CS499APP\\app\\build\\intermediates\\res\\merged\\debug\\drawable-hdpi-v4\\ic_speaker_dark.png",
        "source": "C:\\Users\\Ming\\AndroidStudioProjects\\CS499APP\\app\\build\\intermediates\\exploded-aar\\com.android.support\\mediarouter-v7\\24.0.0\\res\\drawable-hdpi-v4\\ic_speaker_dark.png"
    },
    {
        "merged": "C:\\Users\\Ming\\AndroidStudioProjects\\CS499APP\\app\\build\\intermediates\\res\\merged\\debug\\drawable-hdpi-v4\\abc_ic_star_half_black_48dp.png",
        "source": "C:\\Users\\Ming\\AndroidStudioProjects\\CS499APP\\app\\build\\intermediates\\exploded-aar\\com.android.support\\appcompat-v7\\24.1.1\\res\\drawable-hdpi-v4\\abc_ic_star_half_black_48dp.png"
    },
    {
        "merged": "C:\\Users\\Ming\\AndroidStudioProjects\\CS499APP\\app\\build\\intermediates\\res\\merged\\debug\\drawable-hdpi-v4\\quantum_ic_keyboard_arrow_down_white_36.png",
        "source": "C:\\Users\\Ming\\AndroidStudioProjects\\CS499APP\\app\\build\\intermediates\\exploded-aar\\com.google.android.gms\\play-services-cast-framework\\9.8.0\\res\\drawable-hdpi-v4\\quantum_ic_keyboard_arrow_down_white_36.png"
    },
    {
        "merged": "C:\\Users\\Ming\\AndroidStudioProjects\\CS499APP\\app\\build\\intermediates\\res\\merged\\debug\\drawable-hdpi-v4\\quantum_ic_skip_next_white_24.png",
        "source": "C:\\Users\\Ming\\AndroidStudioProjects\\CS499APP\\app\\build\\intermediates\\exploded-aar\\com.google.android.gms\\play-services-cast-framework\\9.8.0\\res\\drawable-hdpi-v4\\quantum_ic_skip_next_white_24.png"
    },
    {
        "merged": "C:\\Users\\Ming\\AndroidStudioProjects\\CS499APP\\app\\build\\intermediates\\res\\merged\\debug\\drawable-hdpi-v4\\abc_list_divider_mtrl_alpha.9.png",
        "source": "C:\\Users\\Ming\\AndroidStudioProjects\\CS499APP\\app\\build\\intermediates\\exploded-aar\\com.android.support\\appcompat-v7\\24.1.1\\res\\drawable-hdpi-v4\\abc_list_divider_mtrl_alpha.9.png"
    },
    {
        "merged": "C:\\Users\\Ming\\AndroidStudioProjects\\CS499APP\\app\\build\\intermediates\\res\\merged\\debug\\drawable-hdpi-v4\\quantum_ic_skip_previous_white_36.png",
        "source": "C:\\Users\\Ming\\AndroidStudioProjects\\CS499APP\\app\\build\\intermediates\\exploded-aar\\com.google.android.gms\\play-services-cast-framework\\9.8.0\\res\\drawable-hdpi-v4\\quantum_ic_skip_previous_white_36.png"
    },
    {
        "merged": "C:\\Users\\Ming\\AndroidStudioProjects\\CS499APP\\app\\build\\intermediates\\res\\merged\\debug\\drawable-hdpi-v4\\quantum_ic_pause_circle_filled_grey600_36.png",
        "source": "C:\\Users\\Ming\\AndroidStudioProjects\\CS499APP\\app\\build\\intermediates\\exploded-aar\\com.google.android.gms\\play-services-cast-framework\\9.8.0\\res\\drawable-hdpi-v4\\quantum_ic_pause_circle_filled_grey600_36.png"
    },
    {
        "merged": "C:\\Users\\Ming\\AndroidStudioProjects\\CS499APP\\app\\build\\intermediates\\res\\merged\\debug\\drawable-hdpi-v4\\abc_cab_background_top_mtrl_alpha.9.png",
        "source": "C:\\Users\\Ming\\AndroidStudioProjects\\CS499APP\\app\\build\\intermediates\\exploded-aar\\com.android.support\\appcompat-v7\\24.1.1\\res\\drawable-hdpi-v4\\abc_cab_background_top_mtrl_alpha.9.png"
    },
    {
        "merged": "C:\\Users\\Ming\\AndroidStudioProjects\\CS499APP\\app\\build\\intermediates\\res\\merged\\debug\\drawable-hdpi-v4\\abc_menu_hardkey_panel_mtrl_mult.9.png",
        "source": "C:\\Users\\Ming\\AndroidStudioProjects\\CS499APP\\app\\build\\intermediates\\exploded-aar\\com.android.support\\appcompat-v7\\24.1.1\\res\\drawable-hdpi-v4\\abc_menu_hardkey_panel_mtrl_mult.9.png"
    },
    {
        "merged": "C:\\Users\\Ming\\AndroidStudioProjects\\CS499APP\\app\\build\\intermediates\\res\\merged\\debug\\drawable-hdpi-v4\\quantum_ic_volume_off_white_36.png",
        "source": "C:\\Users\\Ming\\AndroidStudioProjects\\CS499APP\\app\\build\\intermediates\\exploded-aar\\com.google.android.gms\\play-services-cast-framework\\9.8.0\\res\\drawable-hdpi-v4\\quantum_ic_volume_off_white_36.png"
    },
    {
        "merged": "C:\\Users\\Ming\\AndroidStudioProjects\\CS499APP\\app\\build\\intermediates\\res\\merged\\debug\\drawable-hdpi-v4\\quantum_ic_art_track_grey600_48.png",
        "source": "C:\\Users\\Ming\\AndroidStudioProjects\\CS499APP\\app\\build\\intermediates\\exploded-aar\\com.google.android.gms\\play-services-cast-framework\\9.8.0\\res\\drawable-hdpi-v4\\quantum_ic_art_track_grey600_48.png"
    },
    {
        "merged": "C:\\Users\\Ming\\AndroidStudioProjects\\CS499APP\\app\\build\\intermediates\\res\\merged\\debug\\drawable-hdpi-v4\\common_google_signin_btn_icon_dark_normal.9.png",
        "source": "C:\\Users\\Ming\\AndroidStudioProjects\\CS499APP\\app\\build\\intermediates\\exploded-aar\\com.google.android.gms\\play-services-base\\9.8.0\\res\\drawable-hdpi-v4\\common_google_signin_btn_icon_dark_normal.9.png"
    },
    {
        "merged": "C:\\Users\\Ming\\AndroidStudioProjects\\CS499APP\\app\\build\\intermediates\\res\\merged\\debug\\drawable-hdpi-v4\\quantum_ic_replay_10_white_24.png",
        "source": "C:\\Users\\Ming\\AndroidStudioProjects\\CS499APP\\app\\build\\intermediates\\exploded-aar\\com.google.android.gms\\play-services-cast-framework\\9.8.0\\res\\drawable-hdpi-v4\\quantum_ic_replay_10_white_24.png"
    },
    {
        "merged": "C:\\Users\\Ming\\AndroidStudioProjects\\CS499APP\\app\\build\\intermediates\\res\\merged\\debug\\drawable-hdpi-v4\\abc_ic_star_black_36dp.png",
        "source": "C:\\Users\\Ming\\AndroidStudioProjects\\CS499APP\\app\\build\\intermediates\\exploded-aar\\com.android.support\\appcompat-v7\\24.1.1\\res\\drawable-hdpi-v4\\abc_ic_star_black_36dp.png"
    },
    {
        "merged": "C:\\Users\\Ming\\AndroidStudioProjects\\CS499APP\\app\\build\\intermediates\\res\\merged\\debug\\drawable-hdpi-v4\\cast_ic_notification_1.png",
        "source": "C:\\Users\\Ming\\AndroidStudioProjects\\CS499APP\\app\\build\\intermediates\\exploded-aar\\com.google.android.gms\\play-services-cast\\9.8.0\\res\\drawable-hdpi-v4\\cast_ic_notification_1.png"
    }
]