[
    {
        "merged": "C:\\Users\\Ming\\AndroidStudioProjects\\CS499APP\\app\\build\\intermediates\\res\\merged\\debug\\drawable-v21\\abc_btn_colored_material.xml",
        "source": "C:\\Users\\Ming\\AndroidStudioProjects\\CS499APP\\app\\build\\intermediates\\exploded-aar\\com.android.support\\appcompat-v7\\24.1.1\\res\\drawable-v21\\abc_btn_colored_material.xml"
    },
    {
        "merged": "C:\\Users\\Ming\\AndroidStudioProjects\\CS499APP\\app\\build\\intermediates\\res\\merged\\debug\\drawable-v21\\abc_action_bar_item_background_material.xml",
        "source": "C:\\Users\\Ming\\AndroidStudioProjects\\CS499APP\\app\\build\\intermediates\\exploded-aar\\com.android.support\\appcompat-v7\\24.1.1\\res\\drawable-v21\\abc_action_bar_item_background_material.xml"
    },
    {
        "merged": "C:\\Users\\Ming\\AndroidStudioProjects\\CS499APP\\app\\build\\intermediates\\res\\merged\\debug\\drawable-v21\\abc_edit_text_material.xml",
        "source": "C:\\Users\\Ming\\AndroidStudioProjects\\CS499APP\\app\\build\\intermediates\\exploded-aar\\com.android.support\\appcompat-v7\\24.1.1\\res\\drawable-v21\\abc_edit_text_material.xml"
    }
]